X X$For the goddess DN ,
ninanir$her mistress ,
daramuriam$Tarām-Uram ,
dumumunus apilkin$daughter of Apil-kīn
lugal marika$the king of Mari ,
egia$bride
urnamma$of Ur-Namma ,
lugal urima$king of Ur ,
cusuen$Šū-Suen ,
lugal kalga$strong king ,
lugal urima$king of Ur ,
lugal an ubda limmubake$king of the four corners
cusuenanasuentakil$to Šu-Sin-ana-Sin-takil ,
ARADdanir$his servant ,
inaba$he gifted .
pisanduba$Basket-of-tablets
diriba gu apina$xxx
mu huhunuri bahul$xxx
mu en eridu bahun$xxx
u$xxx
mu en nanna karzida bahun$xxx
mu 3am$xxx
4 2 ab$NUMB cows ,
6 1 2 u$NUMB ewes ,
2 5 udu$NUMB sheep ,
1 5 1 ud$NUMB female goats ,
2 5 macda$NUMB gazelles ,
silata ede$from the “ street ” to be sent out ;
kicib lu didline$under seal of various men ,
urnigar$Ur-nigar
cu bati$received ;
iti ezemninazu$month : “ Festival of Ninazu , ”
mu en nanna mace ipa$year : “ The en-priestess of Nanna by means of extispicy was chosen . ”
pisanduba$Basket-of-tablets
dub gida$long-tablets of
urmes dumu urnig$Ur-mes , son of Ur-nig ,
ca nigin$in Nigin ,
igal$are here ;
mu harci bahul$year : “ Harši was destroyed ”
1 ug luickur$NUMB  porter : Lu-Iškur ,
12 cecani$NUMB : Šešani ,
12 namzi$NUMB : namzi ,
12 guzzani$NUMB : Guzzani ,
anzagar urdumuzida$at the tower of Ur-Dumuzida
12 lugalkuzu$NUMB : Lugal-kuzu ,
12 ceckala dumu KAdu$NUMB : Šeškalla , son of KAdu .
dumugimec$they are dumugi .
3 12 guruc$NUMB workmen ,
ugula adumu$foreman : Adumu .
1 X$NUMB : x-ki ,
anzagar kucara$at the tower of Ku-Šara .
1 lurcara$NUMB : Lu-Ur-Šara ,
1 cecani$NUMB : Šešani ,
ugILmec$they are porters .
12 inimanizi$NUMB : Inimanizi ,
12 namah$NUMB : Nammah ,
12 alu$NUMB : Alu ,
12 bazaza$NUMB : Bazaza ,
dumugimec$they are dumugi .
5 guruc$NUMB workmen ,
ugula luenlila$foreman : Lu-Enlila .
cunigin 8 12 guruc$Together : NUMB workmen ,
iti cunumunata u 2am barazalata$from month “ Sowing , ” from day NUMB passed ,
gizi SIGeda guba$stationed for harvesting fodder-reed ,
mu en inanna mace ipa$year : “ The priest of Inanna by the goat was found . ”
1 guruc  u 4ce kar ummata$NUMB male laborer for NUMB workdays , from Umma-harbor
irisarigce ma gida$to Irisagrig barge punted ,
u 1ce ce bala u ce ma siga$for NUMB workday barley transferred and barley in the barge loaded ,
irisarigta$from Irisagrig
u 2ce kunzida kiri gectince ma gida$two workdays to reservoir of Vineyard barge punted ,
u 1ce eduru uriruaka ce bala$for NUMB workday at Uriru-village barley transferred ,
u 7ce eduru cec duata kunzida i amarsuenitumce$for NUMB workdays from Uriru-village to reservoir of Amar-Suenītum canal
ce gaga$barley carried ,
kunzida i amarsuenitumta$from reservoir of Amar-Suenītum canal
u 2ce irisarigce$for NUMB workdays to Irisagrig
ma gida u bala ak$barge punted and transfer done ;
u 2ce irisarigta$for NUMB workdays from Irisagrig
ka damimamace ma gida$to mouth of Damimama barge punted ,
u 2ce ummace ma diriga$for NUMB workdays to Umma barge floated ,
u 1ce ma bala$for NUMB workday barge unloaded ;
u 1ce ce bala$for NUMB workday barley transferred ;
ugula lugalemahe$foreman : Lugal-Emaḫe ,
kicib adumu$under seal of Adumu ;
mu ma enki babdu$year : “ The boat of Enki was caulked . ”
ursuen$Ur-Suen ,
dubsar$scribe ,
dumu urgigir$son of Ur-gigir ,
catam$official .
ibisuen$Ibbi-Suen ,
lugal kalga$strong king ,
lugal urima$king of Ur ,
lugal an ubda limmuba$king of the four corners
gududu$Gududu ,
dubsar$scribe ,
dumu dadaga$son of Dadaga
ensi$governor
umma$of Umma ,
ARADzu$is your servant .
1 zi sig lugal$NUMB ban2 , groats , royal ,
2 sa gi ninda gura$NUMB bundles reed , fatbreads ,
2 sa manu$NUMB bundles poplar ,
2 burzi NENEsice$NUMB … ,
1 dabin$NUMB ban2 flour ,
5 sila eca dubdubde$NUMB sila3 eša … ,
1 kac dida du$NUMB barig beer , dida , regular ,
2 kac du$NUMB banNUMB beer , regular ,
giranumce$for the wailing ceremony ;
urlisi mackim$Ur-Lisa , enforcer ;
1 zi sig$NUMB ban2 groats ,
2 sa gi ninda gura$NUMB bundles reed , fatbreads ,
2 sa manu$NUMB bundles poplar ,
2 burzi NENEsice$NUMB … ,
1 dabin$NUMB barig flour ,
5 sila eca dubdubde$NUMB sila3 eša … ,
1 kac dida du$NUMB barig beer , dida , regular ,
siskur kiri inanna$offering of the garden of Inanna ;
culgizimu mackim$Šulgi-zimu , enforcer ;
2 zi sig$NUMB banNUMB groats ,
4 sa gi ninda gura$NUMB bundles reed , fatbreads ,
2 sa manu$NUMB bundles poplar ,
2 burzi NENEsice$NUMB … ,
1 dabin$NUMB barig flour ,
5 sila eca dubdubde$NUMB sila3 eša … ,
1 kac dida du$NUMB barig beer , dida , regular ,
siskur ca egal$offering in the palace ;
ereb mackim$Erreb , enforcer ;
1 zi sig$NUMB ban2 groats ,
2 sa gi ninda gura$NUMB bundles reed , fatbreads ,
1 dabin$NUMB barig flour ,
5 sila eca dubdubde$NUMB sila3 eša … ,
1 kac dida du$NUMB barig beer , dida , regular ,
2 kac du$NUMB banNUMB beer , regular ,
giranumce$for the wailing ceremony ;
5 5 sila zi sig$NUMB ban2 NUMB sila3 groats ,
5 sila zulum$NUMB sila3 dates ,
1 gin igec$NUMB shekels , plant oil ,
1 sa gi gugce$NUMB bundles reed , for cakes ,
2 sa manu$NUMB bundles poplar ,
2 burzi NENEsice$NUMB … ,
1 dabin$NUMB barig flour ,
5 sila eca dubdubde$NUMB sila3 eša … ,
1 kac dida du$NUMB barig beer , regular ,
1 sila ce sa gugalgal$NUMB sila3 barley , … chickpeas ,
1 sila ce sa guturtur$NUMB sila3 barley ,  … lentils ,
1 sila ce sa gig$NUMB sila3 barley … ,
1 sila ce sa imgaga$NUMB sila3 barley … ,
1 sila ce sa ce inuha$NUMB sila3 barley … straw ,
1 sila gugalgal mua$NUMB sila3 , chickpeas , grown ,
1 sila guturtur mua$NUMB sila3 lentils , grown ,
1 sila gig mua$NUMB sila3 wheat , grown ,
1 sila imgaga mua$NUMB sila3 … grown ,
1 sila ce inuha mua$NUMB sila3 barley , straw , grown ,
1 sila gugalgal X X$NUMB sila3 chickpeas , … ,
1 sila guturtur X X$NUMB sila3 lentils , … ,
1 sila cegeci X$NUMB sila3 sesame oil , … ,
1 sila cegeci X$NUMB sila3 sesame oil , … ,
1 sila cegeci X$NUMB sila3 sesame oil , … ,
ma anace ca X$for the boat of An , in … ,
ziga$booked out ;
iti ezemana$month : “ Festival of An , ”
mu kimac bahul$year : “ Kimaš was destroyed . ”
4 gu$NUMB oxen ,
2 5 udu$NUMB sheep ,
1 macgal$NUMB billy goat , full grown ,
u 2 1kam$NUMBst day ,
ki abasagata$from Abbasaga
zubaga$Zubaga
idab$accepted ;
iti sesdagu$month : “ Piglet-feast , ”
mu en nanna karzida bahun$year : “ The priest of Nanna of Karzida was installed ; ”
3$NUMB .
nanna$To Nanna ,
dumu sag$the first-born son
enlila$of Enlil ,
X X$…
lugal urimake$the king of Ur ,
ekicnugalce$for the Ekišnugal temple
a munaru$he dedicated  to him .
cusuen$Šū-Suen ,
nita kalga$strong man ,
lugal urima$king of Ur ,
lugal an ubda limmuba$king of heaven with its four corners
urdublamah$Ur-dublamaḫ ,
agaus lugal$great-soldier ,
dumu X$son of ARAD-… ,
ARADzu$is your servant .
4 12 gin 1 2 ce kubabbar$NUMB shekels , NUMB grains of silver ,
situm$the remaining ;
3 3 ku sagkur$NUMB , NUMB “ headed ” fish ,
kubi 2 gin igi 6gal 6 ce$their silver : NUMB shekels , NUMB grains ;
1 2 ku cabar$NUMB gutted fish , their silver : NUMB shekels
kubi 2 gin$their silver : NUMB shekels
6 gu siki$NUMB talents of wool ,
kubi 23 mana$its silver : NUMB mana ;
ca kiciba$under seal .
5 5 ku girus$NUMB , NUMB00 slit fish ,
kubi 4 gin igi 4gal 5 ce$their silver : NUMB shekels , NUMB grains ;
3 6 3 ku sagkur$NUMB , NUMB “ headed ” fish ,
kubi 2 13 gin 1 8 ce$their silver : NUMB shekels , NUMB grains ;
2 iku$NUMB barig fish oil ,
kubi 4 gin$its silver : NUMB shekels ;
1 4 zulum gur$NUMB gur of dates ,
kubi 23 mana 2 23 gin$their silver : NUMB mana , 2 NUMB shekels ;
mu enmahgalana bahun$year : “ Enmaḫgalana was installed ” AS NUMB .
5 zulum gur$NUMB gur of dates ,
kubi 12 mana 3 13 gin$their silver : NUMB mana , NUMB shekels ;
mu enunugal inanna bahun$year : “ En-unugal-Inanna was installed ” AS NUMB .
1 ummu$NUMB water skins ,
kubi 12 gin 2 ce$their silver : NUMB shekel , NUMB grains ;
1 esir X$NUMB pairs ? of leather sandals
kubi 23 gin X$their silver : NUMB shekel …
7 X$NUMB …
kubi n$their silver : …
1 ce gur kubi 1 mana$NUMB gur of barley ,
kubi 1 mana$its silver : NUMB mana ;
ce icahka$barley of the lard .
cunigin 3 13 mana 1 13 gin 1 6 ce kubabbar$Together : NUMB mana , NUMB shekels , NUMB grains of silver
sagnigurakam$are the debit ;
cabita$therefrom
1 13 mana la 13 gin 1 ce kubabbar$NUMB mana less NUMB shekel , NUMB grains of silver ,
3 8 12 mana uruda$NUMB mana of copper ,
kubi 13 mana 5 23 gin$their silver : NUMB mana , NUMB shekels ,
kicib lukala$under the seal of Lukalla ;
1 2 4 6 sila icah gur$NUMB gur , NUMB barig , NUMB banNUMB , NUMB sila3 of lard ,
kubi 13 mana 3 13 gin la 6 ce$its silver : NUMB mana , 3 NUMB shekels less NUMB grains ,
kicib urculpae$under the seal of Ur-Šulpae ;
6 sila gectin had sadu lugal$NUMB sila3 of raisins , royal supplement ,
2 sila gectin had giri lugalcala$NUMB sila3 of raisins via Lugal-šala ,
kubi igi 6gal$their silver : NUMB shekel ;
2 kabkul$NUMB wooden k-containers ,
kubi 2 gin$their silver : NUMB shekels ;
kicib agu$under the seal of Agu ;
8 12 gin ku uruda urima$NUMB shekels of silver for Ur copper ,
giri urlamma u elubizu$via Ur-Lamma and Elubizu .
cunigin 2 13 mana igi 6gal 4 ce kubabbar$Together : NUMB mana , NUMB shekel , NUMB grains of silver
zigam$booked out ;
laia 1 mana 1 gin igi 6gal 1 2 ce kubabbar$debit : NUMB mana , NUMB NUMB/6 shekel , NUMB2 grains of silver ;
nigkak ceckala damgar$account of Šeškala , the trade agent ;
mu enunugal inanna bahun$year : “ En-unugal-Inanna was installed . ”
ninkununa$To Ninkununa
ninanir$his mistress ,
namti$for the life
X$of …
1 icah$NUMB ban2 of lard ,
u amarduta baradua$when from … they were released ,
geme babde$the female workers brought ;
ki luginata$from Lugina
bazi$booked out ;
mu harci bahul$year : “ Ḫarši was destroyed . ”
5 sila kac 5 sila ninda 5 gin cum $NUMB sila3 beer , NUMB sila3 bread , NUMB shekels onions ,
3 gin i 2 gin naga $NUMB shekels oil , NUMB shekels alkali-plant ,
X $for …
5 sila kac 5 sila ninda 5 gin  $NUMB sila3 beer , NUMB sila3 bread , NUMB shekels onions ,
3 gin i 2 gin naga $NUMB shekels oil , NUMB shekels alkali-plant ,
luenki $for Lu-Enki ;
5 sila kac 5 sila ninda 5 gin  $NUMB sila3 beer , NUMB sila3 bread , NUMB shekels onions ,
3 gin i 2 gin naga $NUMB shekels oils , NUMB shekels alkali-plant ,
ursaga $for Ur-saga ;
5 sila kac 5 sila ninda 5 gin cum $NUMB sila3 beer , NUMB sila3 bread , NUMB shekels onions ,
3 gin i 2 gin naga $NUMB shekels oil , NUMB shekels alkali-plant ,
laqip $for Laqīp ;
3 sila kac 2 sila ninda 5 gin  $NUMB silaNUMB beer , NUMB silaNUMB bread , NUMB shekels onions ,
3 gin i 2 gin naga $NUMB shekels oil , NUMB shekels alkali-plant ,
urdari $for Ur-dari ;
3 sila kac 2 sila ninda 5 gin  $NUMB silaNUMB beer , NUMB silaNUMB bread , NUMB shekels onions ,
3 gin i 2 gin naga $NUMB shekels oil , NUMB shekels alkali-plant ,
aliah $for Ali’aḫ ;
3 sila kac 2 sila ninda 5 gin  $NUMB silaNUMB beer , NUMB silaNUMB bread , NUMB shekels onions ,
3 gin i 2 gin naga $NUMB shekels oil , NUMB shekels alkali-plant ,
duili $for Du-ilī ;
cunigin 3 la 1 sila kac 2 6 sila ninda $total : NUMB banNUMB less NUMB silaNUMB beer ; NUMB banNUMB NUMB silaNUMB bread ;
12 sila 5 gin cum $NUMB sila3 NUMB shekels onions ;
13 sila 1 gin i $NUMB sila3 NUMB shekel oil ;
1 4 gin naga $NUMB shekels alkali plant ;
X $…
u 1 la 1kam $NUMBth day ,
iti minec $month : “ mineš . ”
2 udu abul bara utu$NUMB sheep , city gate , dais of Utu ;
2 udu abul baba$NUMB sheep , city gate of Baba ;
2 udu abul egal$NUMB sheep , city gate , palace ;
2 udu abul nance$NUMB sheep , city gate of Nanše ;
1 udu eunuce$NUMB sheep , House-of-Uruk ;
1 udu ga magura ningeczida$NUMB sheep , cabin of the barge of Ningešzida ;
1 udu gudea$NUMB sheep , Gudea ;
1 udu urlamma ensi$NUMB sheep , Ur-Lamma , the governor ;
siskur ga guce$offering for milk-feeding ;
giri akala luinima$via Akalla , man of testimony ;
ziga ki lugalnamah$booked out of the place of Lugal-nammaḫ ;
iti ezemdumuzi u 1 6kam$month : “ Festival of Dumuzi , ” day NUMB ,
mu magurmah badim$year : “ Great-barge was fashioned . ”
X X X hia $Assorted …
namrac $into booty
hadak $I made .
NEC lugal $… the king
X $of … ,
caga $into captivity
henidab $I took ,
cumu barabatae $and I did not let him escape my hand .
lu  hul $A person who the order of a wicked thing
ibciagea $shall issue against it ,
1 kikken adabar saga$NUMB millstone of high-quality black basalt
lugalitida$Lugal-itida
1 kikken adabar$NUMB millstone of black basalt
akala acgab$Akalla , the leatherworker ;
1 kikken ucmu X$NUMB millstone  Ušmu ,
1 kikken akadani$NUMB millstone  Akadani ,
1 kikken carazame$NUMB millstone  Šara-zame ,
ki aduta$from Adu ,
kicib urnumucda$the sealed tablet of Ur-Numushda .
mu usa cusuen lugale bad martu mudu$Year after : “ The king Šu-Suen erected the Amorite wall . ”
pisanduba$Basket-of-tablets
nigkak$xxx
e egir$xxx
X$xxx
X$xxx
X$xxx
X$xxx
X cu X X$xxx
urnigar X$xxx
igal$xxx
mu amarsuen lugal urbilum muhul$xxx
pisanduba$Basket-of-tablets
ab ud daba$xxx
girsuta$xxx
guabace$xxx
igal$xxx
mu cacrum$xxx
1 amar macdamunus$NUMB young female gazelle
dada ensi$Dada , governor ;
1 sila umu$NUMB lamb  U’umu ;
1 sila ceckala$NUMB lamb  Šeshkalla ;
u 2 la 1kam$on the NUMBth day ,
muku$delivery ,
intaea$Intaea
idab$has accepted ,
giri nursuen dubsar$via Nur-Suen , scribe ;
iti cesagku$month “ Harvest , ”
mu cusuen lugal$year : “ Šu-Suen became king . ”
2 6 udu u$NUMB grass sheep ? ,
ki culgilita$from Šulgi-ili
urkununa$did Ur-kununa
idab$accept .
iti ezemah$Month “ big festival , ”
mu e cara umma badu$year : “ the house of Šara in Umma was erected . ”
duga dubsar$Duga , scribe ,
dumu luningirsu$son of Lu-Ningirsu ,
sipa nagabtum$herdsman of the Nakabtum .
cusuen$Šū-Suen ,
lugal kalga$strong king ,
lugal urima$king of Ur ,
lugal an ubda limmuba$king of the four corners
luculgi$Lu-Šulgi ,
dubsar$scribe ,
dumu dada$son of Dada ,
ARADzu$is your servant .
1 gin kubabbar$NUMB shekel of silver
ki cunisabata$from Šu-Nisaba
ludingira$Lu-dingira
cu bati$received ;
mu ludingirake$Since Lu-dingira
kicib nutukuace$did not have a seal ,
kicib duganizi ibra$the seal of Duganizi was rolled ;
iti ezemana$month : “ Festival of An , ”
mu e cara badu$year : “ The house of Šara was erected , ”
duganizi$Duganizi ,
dumu urcakkan cuc$son of Ur-Šakkan , cattle manager .
6 1 5 1 7 12 gin inun gur$NUMB gur NUMB barig NUMB ban2 NUMB7 NUMB/2 shekels butter oil ,
1 3 1 8 23 sila 8 gin gaUD@g gur$NUMB gur NUMB ban2 NUMB sila3 NUMB shekels kašk cheese ,
situm mu amarsuen lugale urbilum muhul$debits of the year : “ Amar-Suen , the king , destroyed Urbilum ; ”
1 1 5 5 sila inun gur$NUMB gur NUMB barig NUMB ban2 NUMB sila3 butter oil ,
2 2 2 12 sila gaUD@g gur$NUMB gur NUMB banNUMB NUMB 1/NUMB sila3 kašk cheese ,
ki luzabalata$from Lu-Zabala ;
2 inun$NUMB barig butter oil ,
3 gaUD@g$NUMB barig kašk cheese ,
ki urmamita$from Ur-Mami ;
1 5 sila inun gur$NUMB gur NUMB sila3 butter oil ,
1 2 3 7 sila gaUD@g gur$NUMB gur NUMB barig NUMB banNUMB NUMB silaNUMB kašk cheese ,
ki urnigarta$from Ur-nigar ;
5 inun$NUMB ban2 butter oil ,
1 1 5 sila gaUD@g$NUMB barig NUMB ban2 NUMB sila3 kašk cheese ,
ki dugeta$from Duge ;
4 inun$NUMB ban2 butter oil ,
1 gaUD@g$NUMB barig kašk cheese ,
ki caramuta$from Šara-amu ;
4 inun$NUMB ban2 butter oil ,
1 gaUD@g$NUMB barig kašk cheese ,
ki lugalcunireta$from Lugal-šunire ,
3 2 5 sila inun$NUMB barig NUMB banNUMB NUMB silaNUMB butter oil ,
1 7 12 sila gaUD@g gur$NUMB gur 7 NUMB/2 sila3 kašk cheese ,
ki ceckalata$from Šeškala ;
1 5 sila inun$NUMB barig NUMB sila3 butter oil ,
1 3 7 12 sila gaUD@g$NUMB barig NUMB ban2 7 NUMB/2 silaNUMB kašk cheese ,
ki ursudata$from Ur-Suda ;
1 1 inun$NUMB barig NUMB ban2 butter oil ,
1 4 5 sila gaUD@g$NUMB barig NUMB ban2 NUMB sila3 kašk cheese ,
ki guzanata$from Guzana ;
5 inun$NUMB ban2 butter oil ,
1 1 5 sila gaUD@g$NUMB barig NUMB ban2 NUMB sila3 kašk cheese ,
ki buduta$from Budu ;
1 1 5 sila inun$NUMB barig NUMB ban2 NUMB sila3 butter oil ,
1 5 2 12 sila gaUD@g$NUMB barig NUMB ban2 2 NUMB/2 sila3 kašk cheese ,
ki albaniduta$from Albanidu ;
1 2 5 sila inun$NUMB barig NUMB banNUMB NUMB sila3 butter oil ,
2 7 sila gaUD@g$NUMB barig NUMB sila3 kašk cheese ,
ki UCta$from UŠ ;
2 inun$NUMB banNUMB butter oil ,
3 gaUD@g$NUMB ban2 kašk cheese ,
ki akicarta$from Akišar ;
cuGIRbi 1 4 2 23 sila$its šuGIR : NUMB barig NUMB ban2 NUMB sila3 ;
2 2 12 sila i magura$NUMB banNUMB NUMB 1/NUMB sila3  oil for “ Barge ; ”
cunigin 1 1 4 3 5 13 sila 7 12 gin inun gur$total : NUMB gur NUMB barig NUMB ban2 5 1/NUMB silaNUMB NUMB shekels butter oil ,
cunigin 2 3 4 8 23 sila 8 gin gaUD@g gur$total : NUMB gur NUMB barig NUMB ban2 NUMB 2/NUMB silaNUMB NUMB shekels kašk cheese ,
cabita$therefrom
3 4 sila inun$NUMB barig NUMB silaNUMB butter oil ,
2 9 sila ga gazi$NUMB banNUMB NUMB sila3 sumac-cheese ,
2 4 4 sila gaUD@g$NUMB barig NUMB banNUMB NUMB sila3 kašk cheese ,
giri urcakkan$via Ur-Šakkan ;
1 3 2 8 sila gacea gur$NUMB gur NUMB barig NUMB banNUMB NUMB silaNUMB yellowed milk ,
giri kas$via Kas ;
ziga bala$booked out of the bala
mu amarsuen lugale urbilum muhul$of the year : “ Amar-Suen , the king , destroyed Urbilum ; ”
2 3 8 13 sila inun$NUMB barig NUMB banNUMB 8 1/NUMB silaNUMB butter oil ,
4 6 13 sila ga gazi$NUMB ban NUMB sila3 sumac-cheese ,
1 1 2 sila gaUD@g$NUMB barig NUMB banNUMB NUMB sila3 kašk cheese ,
giri urcakkan$via Ur-Šakkan ;
1 3 8 sila gacea gur$NUMB gur NUMB barig NUMB silaNUMB yellowed milk ,
5 4 sila gaUD@g$NUMB ban3 NUMB sila3 kašk cheese ,
giri kas$via Kas ;
ziga bala mu ku guza enlila badim$booked out of the bala  of the year : “ the silvery chair of Enlil was fashioned ; ”
13 mana 1 gin kubabbar$NUMB mana NUMB shekel silver
ara 1kam$the first time ,
23 mana 8 12 gin ku$NUMB mana NUMB shekels silver
ara 2kam$the second time ,
giri lukala$via Lukala ,
9 gin ku$NUMB shekels silver ,
giri urcara caduba$via Ur-Šara the chief accountant ,
9 23 gin 1 5 ce ku$NUMB shekels NUMB grains silver
giri luzabala$via Lu-Zabala ,
sag nabi 1 13 gin 23 ce ku$its “ stone overhead ” : NUMB shekel NUMB grains silver ,
inunbi 2 4 5 5 23 sila 1 2 gin gur$its butter oil : NUMB gur NUMB barig NUMB banNUMB NUMB NUMB/3 sila3 1NUMB shekels ;
1 4 sila inun$NUMB ban2 NUMB sila3 butter oil ,
2 2 sila gacea$NUMB banNUMB NUMB sila3 yellowed milk ,
sadu ara 1kam$first sadu-allotment ,
3 sila inun$NUMB silaNUMB butter oil ,
sadu ara 2kam$second sadu-allotment ,
1 gacea gibilce$NUMB barig yellowed milk … ,
kacdea lugal ummace gena$beer festival when the king went to Umma ,
kicibi 4am$their sealed documents : NUMB ,
ugu lukala gagadam$to be entered to the debit account of Lukala ;
1 1 8 12 sila inun$NUMB barig NUMB ban2 8 NUMB/2 sila3 butter oil ,
3 5 23 sila gaUD@g$NUMB barig 5 2/NUMB silaNUMB kašk cheese ,
7 sila gacea$NUMB sila3 yellowed milk ,
kicib lukala$under seal of Lukala ,
ugu ure gagadam$to be entered to the debit account of Ur-e'e ;
3 1 3 3 sila 2 12 gin inun gur$NUMB gur NUMB barig NUMB ban2 NUMB silaNUMB 2 NUMB/2 shekels butter oil ,
1 3 5 2 56 sila ga gazi gur$NUMB gur NUMB barig NUMB ban2 2 NUMB/6 silaNUMB sumac-cheese ,
4 3 2 3 13 sila gaUD@g gur$NUMB gur NUMB barig NUMB banNUMB NUMB 1/NUMB silaNUMB kašk cheese ,
3 3 5 gacea gur$NUMB gur NUMB barig NUMB ban2 yellowed milk ,
kicib urculpae$under seal of Ur-Šulpa'e ;
cunigin 7 3 4 6 23 sila 4 12 gin inun gur$total : NUMB gur NUMB barig NUMB ban2 6 2/NUMB silaNUMB NUMB 12 shekels butter oil ,
cunigin 2 8 sila 1 gin ga gazi gur$total : NUMB gur NUMB sila3 NUMB shekels sumac-cheese ,
gaUD@gbi 3 1 2 sila 1 5 gin$its kašk cheese : NUMB gur NUMB banNUMB NUMB silaNUMB NUMB5 shekels ,
cunigin 6 1 1 9 gaUD@g gur$total : NUMB gur NUMB barig NUMB ban2 NUMB sila3 kašk cheese ,
cunigin 7 1 5 5 sila gacea gur$total NUMB gur NUMB barig NUMB ban2 NUMB sila3 yellowed milk ,
inunbi 1 5 23 sila 5 gin$its butter oil : NUMB barig NUMB ban2 NUMB sila3 NUMB shekels ,
gaUD@gbi 2 4 6 sila 7 12 gin$its kašk cheese : NUMB barig NUMB banNUMB NUMB sila3 7 1/NUMB shekels ;
cunigin 8 3 7 13 sila 9 12 gin inun gur$total : NUMB gur NUMB ban2 7 1/NUMB silaNUMB NUMB shekels butter oil ,
cunigin 9 4 1 7 13 sila 2 12 gin gaUD@g gur$total : NUMB gur NUMB barig NUMB ban2 7 NUMB/3 sila3 2 NUMB/2 shekels kašk cheese ,
zigam$booked out ;
laia 3 3 5 7 56 sila 8 gin inun gur$the deficit : NUMB gur NUMB barig NUMB ban2 7 NUMB/6 silaNUMB NUMB shekels butter oil ,
1 4 3 1 13 sila 5 12 gin gaUD@g gur$NUMB gur NUMB barig NUMB ban2 1 1/NUMB silaNUMB NUMB shekels kašk cheese ,
laiam$are the deficit ;
nigkak inun gar$account of butter oil and kašk cheese of
atu cuc$Atu , the chief cattle manager ;
mu ku guza enlila badim$year : “ The silver-chair of Enlil was fashioned . ”
inanna$For Inanna
nin ku nuna$Ninkununa ,
ninani$his mistress ,
urnamma$Ur-Namma ,
lugal urimake$the king of Ur ,
eani$her temple
munadu$he built for her .
cusuen$Šū-Suen ,
lugal kalga$strong king ,
lugal urima$king of Ur ,
lugal an ubda limmuba$king of the four corners
lusaizu$Lu-sa-izu ,
dubsar$scribe ,
dumu X$son of … ,
ARADzu$is your servant .
cara$For Šara ,
nirgal ana$the trusted one of An ,
dumu kiag$beloved son
inanna$of Inanna ,
adanir$his father ,
cusuen$Šū-Sîn ,
icib ana$the incantation-priest of An ,
gudu cu dadag$the priest with pure hands
enlil$of Enlil
ninlilka$and Ninlil ,
u dingir galgalene$and all the great gods ,
lugal enlile$the king whom Enlil
kiag$as one beloved
cagana$in his heart
inpa$did choose ,
sipa kalamace$the shepherd of the country ,
lugal kalga$the strong king ,
lugal urima$king of Ur
lugal an ubda limmubake$and king of the four quarters of the world ,
u bad martu$when the Mardu wall
muriq$That Which Keeps Distant
tidnim$the Tidnum ,
mudua$he had built ,
u ne martu$and the forces of the Mardu
madane$to his own land
bingia$he had sent back ,
e cage pada$the Temple Chosen by the Heart ,
e kiagani$his beloved temple ,
namtilanice$for his life
munadu$he built for him .
1 acgar niga saga us  $NUMB female kid , grain-fed , fine , second , 
2 udu  $NUMB sheep , 
1 ud $NUMB nanny , 
4 sila $NUMB lambs , 
ki cumamata $from Šu-Mama 
culgirimu $did Šulgi-irimu 
cu bati $receive ; 
iti sesdagu $month : “ Piglet-feast , ” 
mu huhnuri bahul$year : “ Ḫuḫnuri was destroyed . ” 
8 $NUMB . 
3 1 9 ninda gid 1 12 kuc dagal ihi 4 kuc sukud$NUMB ninda the length , NUMB cubits the average width , NUMB cubits the depth ;
1 nindana 12 sarta$per  sar ,
kinbi 1 3 9 12 sar$work involved : NUMB  sar ;
guruc 1e 3 23 gin 1 5 ceta$per worker  shekels ;
abi 2 6 3 2 guruc u 1ce$the labor : NUMB workdays ;
guruc 1e ani 6 silata$disbursement per workerday : NUMB sila3 ;
cebi 3 1 4 1 2 sila gur$the barley : NUMB gur NUMB barig NUMB banNUMB NUMB sila3 ;
lu hungame$they are hired men ;
1 12 ninda gid 1 12 kuc dagal 4 kuc sukud$NUMB ninda the length , NUMB cubits the width , NUMB cubits the depth ;
kinbi 23 sar 5 gin$work involved : NUMB  shekels ;
gantucme$they are gantuš ;
im dua gida$pisé wall construction , drawn long ,
kiri babainimsisa$in the orchard of Baba-inim-sisa ;
ca garcumka$of Garšum ;
giri urbaba dumu cabrae$responsible : Ur-Baba , son of the household manager ,
lugalmusuda$Lugal-musuda ,
u lugalbaba dumu urlamma$and Lugal-baba son of Ur-Lamma ;
mu ibisuen lugal$the year : “ Ibbi-Suen is king . ”
2 udu niga inanna unu$NUMB barley-fed sheep  Inanna of Uruk ,
giri lugalimah sagi$via Lugalimah , cupbearer ;
1 udu ce 1 sila ga$NUMB barley-fed sheep , a milk-fed lamb
ictaran$Ištaran ,
nuhidingirum mackim$from Nuhi-ilum , the deputy ;
1 sila ga nanna$NUMB milk-fed lamb  Nanna ,
eranada mackim$from Erranada , the deputy ;
siskur ca egal$an offering in the palace ;
1 macgal niga ilidagan$NUMB barley-fed large-goat , from Ili-Dagan ,
lu ebla$man of Ebla ;
1 macgal niga$NUMB barley-fed large-goat ,
X X X$… ,
1 macgal niga$NUMB barley-fed large-goat ,
budur lu urcu$from … , man of Uršu
1 macgal niga nagizu lu kingia ca X$NUMB large barley-fed goat , Nagizu , messenger from Ar-…
giri lugalinimgina$via Lugalinimgina
ARADmu ugula kas$ARAD-mu , overseer of the messengers ;
iti u 1 4 bazal$ff the month , NUMB days have passed ,
ki ahunita bazi$booked out of  Ahuni ,
iti sesdagu$month : “ Eating piglets , ”
mu amarsuen lugal$year : “ Amar-Suen became king . ”
pisanduba$Basket-of-tablets
ab ud guba$xxx
u i ab uda gara$xxx
igal$xxx
mu ibisuen lugal$xxx
culgi$Šulgi ,
nita kalga$strong man ,
lugal urima$king of Ur ,
lugal kiengi ki uri$king of Sumer and Akkad .
5 sila kac 5 sila ninda 2 sa cum $NUMB sila3 beer , NUMB sila3 bread , NUMB bundles onions ,
3 gin i 2 gin naga $NUMB shekels oil , NUMB shekels alkali-plant ,
lubanda $for Lu-banda ;
5 sila kac 5 sila ninda 2 sa cum $NUMB sila3 beer , NUMB sila3 bread , NUMB bundles onions ,
3 gin i 2 gin naga $NUMB shekels oil , NUMB shekels alkali-plant ,
bizu $for Bizu ;
2 kac 2 ninda 2 sa cum $NUMB banNUMB beer , NUMB banNUMB bread , NUMB bundles onions ,
1 gin i 2 gin naga $NUMB shekels oil , NUMB shekels alkali-plant ,
dingirsukkal $for Dingir-sukkal ;
3 sila kac 2 sila ninda 2 sa cum $NUMB silaNUMB beer , NUMB silaNUMB bread , NUMB bundles onions ,
3 gin i 2 gin naga $NUMB shekels oil , NUMB shekels alkali-plant ,
nurickur $for Nūr-Adda ;
3 sila kac 2 sila ninda 2 sa cum $NUMB silaNUMB beer , NUMB silaNUMB bread , NUMB bundles onions ,
3 gin i 2 gin naga $NUMB shekels oil , NUMB shekels alkali-plant ,
nigbaba $for Nig-Baba ;
3 sila kac 2 sila ninda 2 sa cum $NUMB silaNUMB beer , NUMB silaNUMB bread , NUMB bundles onions ,
3 gin i 2 gin naga $NUMB shekels oil , NUMB shekels alkali-plant ,
lunanna $for Lu-Nanna ;
cunigin 5 la 1 sila kac 3 6 sila ninda 1 2 sa cum $total : NUMB ban2 less NUMB silaNUMB beer ; NUMB ban2 NUMB silaNUMB bread ; NUMB2 bundles onions ;
13 sila 5 gin i 1 2 gin naga $NUMB sila3 NUMB shekels oil ; NUMB shekels alkali-plant ;
u 3kam $NUMBth day ,
iti dumuzi $month : “ Dumuzi . ”
iti cesagku $month “ Harvest , ” 
mu cusuen lugal urimake ma darabzu enkika bindu $year : “ The Shu-Suen , king of Ur , the boat  ‘Ibex-of-Abzu’ caulked . ” 
ninmar$To Ninmar ,
nin munusgilsa$the queen of the Munus-gilsa temple ,
ninani$his mistress ,
namti$for the life
culgi$of Šulgi ,
nita kalga$the mighty man ,
lugal urima$king of Ur
lugal an ubda limmubakace$and king of the four world quarters ,
urningirsu$Ur-Ningirsu ,
enmeziana$En-mezi-ana ,
cennu$the šennu-priest
en kiag nanceka$the beloved high priest of Nanše ,
a munaru$dedicated  to her .
1 la 1 sila $NUMB less NUMB lambs , 
1 mac$NUMB billy , 
u 3kam $NUMBth day , 
ki abasagata $from Abbasaga 
intaea $did Intae’a  
idab $accept ; 
iti ezemah $month “ Big-festival , ” 
mu cacru bahul $year : “ Šašru was destroyed ; ” 
1 $NUMB . 
pisanduba$Basket-of-tablets
im namcatam$tablets official ,
ugula nam1kene$foremen of the NUMB of
daumma$Da’umma ,
apisal$Apisal ,
guedina$Gu-edina ,
u mucbian$and Mušbiana
igal$are here ;
mu 2kam$NUMB years ;
mu urbilum u mu kimac$year : “ Urbilum and Kimaš were destroyed . ”
pisanduba$Basket-of-tablets
gurum ak daba$xxx
erin sagapin$xxx
e culgi$xxx
igal$xxx
mu guza enlila badim$xxx
gilgames$To Gilgameš
endimgig$of Endimgig ,
lugalani$his master ,
urnamma$Ur-Namma ,
nita kalga$the mighty man ,
lugal urima$king of Ur
lugal kiengi kiurike$and king of Sumer and Akkad ,
u e nanna$when the temple of Nanna
mudua$he had built ,
namtilanice$for his life
a munaru$he dedicated it to him .
lu mu saraba$A person who this inscription
cu bibura$shall erase ,
gilgamese$May Gilgameš
nam habadakue$curse him .
pisanduba$Basket-of-tablets
gurum ak daba$xxx
sagapin$xxx
erin ugIL$xxx
e ninmar$xxx
ugula abamu$xxx
u lunarua$xxx
igal$xxx
mu en inanna mace ipa$xxx
pisanduba$Basket-of-tablets
kicib didli X$sealed documents , varied , … ,
e luginata dea$from the house of Lugina delivered ,
igal$are here .
ursuen$Ur-Suen
dubsar$scribe ,
dumu urgigir$son of Ur-gigir
1 2 ce gur lugal$NUMB gur NUMB barig barley , royal ,
laia suga$deficit , repaid ,
ki lu muhaldimta$from Lu'u , the cook ,
lukala$Lukalla
cu bati$received ;
iti amarasi$month : “ amar-ayasi , ”
mu enmahgal nanna bahun$year “ Enmaḫgal of Nanna was installed . ”
5 1 3 GAN$NUMB burNUMB NUMB ešeNUMB NUMB iku field surface ,
cebi 4 8 2 gur$its barley : NUMB gur NUMB barig ;
laia 1 1 3 ce gur$the deficit : NUMB gur NUMB barig ,
aca dalbana$field Dalbana ;
2 1 3 GAN$NUMB burNUMB NUMB ešeNUMB NUMB iku field surface ,
cebi 5 6 gur$its barley : NUMB gur ,
diri 6 gur$the surplus : NUMB gur
aca igi eamar$field before E-amar ;
3 1 3 GAN$NUMB burNUMB NUMB ešeNUMB NUMB iku field surface ,
cebi 1 8 1 2 gur$its barley : NUMB gur NUMB barig NUMB banNUMB ,
laia 1 3 4 gur$the deficit : NUMB gur NUMB barig NUMB ban2
aca edurubazi$field Village-bazi ;
1 3 GAN$NUMB GAN2
cebi 1 4 1 2 gur$its barley : NUMB gur NUMB barig NUMB banNUMB ,
diri 4 1 2 gur$the surplus : NUMB gur NUMB barig NUMB banNUMB
aca abila$field Ab-illa ;
cunigin 1 2 GAN$total : NUMB bur3 field surface ,
cunigin cebi 3 6 4 4 gur$total , its barley : NUMB barig NUMB ban2 ,
muku$deliveries ;
cunigin 5 3 2 gur$total : NUMB gur NUMB banNUMB ,
laiam$are the deficit ;
ugula cuea$foreman : Šu-Ea ,
mu X$year : “ … . ”
4 8 ku gabIL$NUMB gabIL fish baskets ;
1 3 guruc u 1ce ma mucen$NUMB workdays , male laborers , barge of the birds ;
2 2 guruc u 1ce ziga didli$NUMB workdays , male laborers , various “ booked-outs ” ;
mu 1kam$NUMBst year ;
1 1 la 12 ku gabIL$NUMB less NUMB gabIL fish baskets ;
3 ku nun saga$NUMB nun-fish , good quality ;
2 5 la 1 guruc u 1ce ma mucen$NUMB less NUMB workdays , male laborers , barge of the birds ;
2 6 guruc u 1ce ziga didli$NUMB workdays , male laborers , various “ booked-outs ” ;
mu 2kam$NUMBnd year ;
ku diri nudab$surplus fish not taken ;
albanidu$Albanidu
cu bati$received ;
iti ezemculgi$from month : “ Festival of Šulgi , ”
mu karhar ara 3kamac bahulta$year : “ Karḫar for the NUMBnd time was destroyed , ”
iti ezembaba$to month : Festival of Baba , ”
mu karhar ara 3kamac bahulce$year : “ Karḫar for the NUMBnd time was destroyed . ”
2 gu cugid$NUMB oxen , šugid-type ,
u 2 4kam$NUMBth day ;
ki abasagata$from Abbasaga
enlila$Enlila
idab$accepted ;
iti ezemana$month : “ Festival-of-An , ”
mu en eridu bahun$year : “ The high priest of Eridu was installed . ”
2$NUMB .
nance$To Nanše
ninani$his mistress ,
culgi$Šulgi ,
nita kalga$the mighty man ,
lugal urima$king of Ur
nincagepada$For Ninšagepada
ninani$his mistress ,
urnamma$Ur-Namma ,
lugal urimake$king of Ur ,
eani$her temple
munadu$he built for her .
8 guruc u 4ce$NUMB workmen for NUMB days ,
abi u 5 2$the labor : NUMB days ,
ada guba$at the water stationed ,
aca amarkici$the field “ Amar-kiši , ”
aca muru$the field “ Center , ”
aca i lugalka$the field “ Royal waterway , ”
adea$water poured ,
ka i eka kura$intake of the out-waterway cut off ,
ka i eta$from the intake of the out-waterway
aca amarkici X cura$to field “ Amar-kiši ” … leveled ;
ugula X X$foreman : … ,
giri X$via … ,
kicib egalesi$under seal of Egalesi ,
mu usa cusuen lugale bad martu mudu$year following : “ Šu-Suen , the king , Martu wall erected . ”
pisanduba$Basket-of-tablets
X X$…
X kicibi$…
igal$are here .
luningirsu$Lu-Ningirsu ,
dubsar$scribe ,
dumu lubaba$son of Lu-Baba .
pisanduba$Basket-of-tablets
dub gida$long-tablets
X$of …-abba
igal$are here ;
mu enunugal inanna bahun$year : “ Enunugal of Inanna was hired . ”
pisanduba$Basket-of-tablets
gu udu i siki$xxx
kas cuc$xxx
mu 2kam$xxx
igal$xxx
mu enunugal inanna$xxx
mu cacru$xxx
eneru$enuru
muce kurmucta KA namgi$The snake from snake mountain indeed called .
meTAR an kika$The lizard of heaven and of earth
eme baniak$licked .
dumu meTAR an ki 7anene$The sons of the lizard , heaven and earth , are NUMB .
pu lilam idu$The well like wind it made .
a lilam inde$Water like wind he poured out .
gug lilam zabi ibdab$Grass like wind its right encircled .
gugbi gabuni$Its grass , his left
mubze$it tore out .
X cu umagi$Then his … held firm .
X X zu helae$… the  fang may he bind .
tutu abzu eriduga asarluhi dumu eriduke$The incantations of the Abzu of Eridu of Asalluhi , son of Eridu
namudabure$may they not be undone .
nisaba$Nisaba ,
munuszi$the righteous woman ,
munus saga$the beautiful woman .
adakala$Addakala ,
dubsare$the scribe ,
musar$wrote ,
igiza hensa$in your eyes he indeed pleased .
bala saga$Good bala .
urlisi$Ur-Lisi ,
ensi$governor
umma$of Umma
urama$Ur-amma ,
dubsar$scribe ,
dumu nasilim$son of Nasilim ,
ARADzu$is your servant .
pisanduba$Basket-of-tablets
mu didli ceba$various years , barley rations ,
ce erina$barley of the troops
u cabi suga$and therefroms , restitutions ,
nigka ceka$accounts of barley ,
igal$are here ;
mu cusuen lugal urimake madarabzu enkika bindu$year : “ By Šu-Suen , king of Ur , the boat ‘Ibex-of-Apsu’ of Enki was caulked . ”
cusuen$Šū-Suen ,
lugal kalga$strong king ,
lugal urima$king of Ur ,
lugal an ubda limmuba$king of the four corners
lugalamarku$Lugal-amarku ,
dubsar$scribe ,
dumu nasa kurucda$son of Nasa , the fattener ,
ARADzu$is your servant .
enlil$For Enlil ,
lugal kurkura$the king of all the lands ,
lugalani$his master ,
urnamma$Ur-Namma ,
nita kalga$the mighty man ,
lugal urima$king of Ur
lugal kiengi kiurike$and king of Sumer and Akkad ,
ekur$the Ekur ,
e kiagani$his beloved temple ,
munadu$he built for him .
2 2 X$NUMB … ,
1 1 X$NUMB … ,
5 mac$NUMB kids ,
u 1 la 1kam$the NUMBth day ,
ki abasagata$from Abbasaga ,
intaea$Inta’e’a
idab$accepted ;
iti X$month : “ . . , ”
mu enmahgalana en nanna bahun$year : “ Enmaḫgalana , the high-priestess of Nanna , was hired ; ”
3 8$NUMB .
pisanduba$Basket-of-tablets
kicib daba gi$sealed documents of dab , reed ,
ARADeb$ARAD-eb ,
igal$are here ;
1 1 4 12 guruc u 1ce$NUMB workdays ,
GAN urgigir cabra$land parcel of Ur-gigir , the chief administrator ;
1 3 4 guruc u 1ce$NUMB workdays ,
GAN urgigir nubandagu$land parcel of Ur-gigir , oxen manager ;
2 2 7 guruc u 1ce$NUMB workdays ,
GAN lugalgue$land parcel of Lugal-gue ;
gi zea gi kua u hirina zea$reed uprooted , reed cut and hirin-weed uprooted ;
aca agectina$field “ A-geština ; ”
ugula lugirizal$foreman : Lu-giri-zal ;
kicib ceckala dumu dada$under seal of Šeškalla , son of Dada ;
iti dal$month “ Flight , ”
iti cunumun$month : month “ Sowing ; ”
mu enmahgalana nanna bahun$year : “ Enmaḫgalana of Nanna was installed . ”
lugalniglagare$Lugal-nig-lagare ,
dubsar$scribe ,
dumu dada$son of Dada .
pisanduba$Basket-of-tablets
udu gukkal guba$xxx
ca girsu$xxx
ugula dugazida$xxx
ca kinunirnigin$xxx
u ca guaba$xxx
ugula carumili$xxx
igal$xxx
mu kimac$xxx
56 sila lal$NUMB sila3 date syrup ,
kubi 23 gin$its silver : NUMB shekel ;
4 amarsag uztur$NUMB a . -ducklings ,
kubi 1 gin$their silver : NUMB shekel ;
1 kuda$NUMB k . ,
kubi 1 gin la igi 6gal$its silver : NUMB shekel less NUMB/6 ;
1 la 1 pecgecgi$NUMB less NUMB bandicoot rats ,
kubi igi 6gal 6 ce$their silver : NUMB  grains ;
1 amarsag uga$NUMB a . -crow ,
kubi 1 6 ce$its silver : NUMB grains ;
3 2 ku kunzi saga$NUMB reservoir fish , fine quality ,
kubi 2 gin igi 6gal 1 ce$their silver : NUMB shekels NUMB , NUMB grains ;
nesag enlila$“ first fruits ” of Enlil ,
kicib halulu$under seal of Ḫalulu ;
mu e puzurdagan$year : “ Puzriš-Dagan . ”
lugalezem dubsar$Lugal-ezem , the scribe ,
dumu lugalemahe$son of Lugal-emaḫe ,
cabra$the chief household manager .
hepi X$broken ,
X$the king
mari$of Mari ,
X puzurecdar$son of Puzur-Eštar
X$the king ,
ina mahri$before
i$the Divine River
belicu$his lord ,
mactaba$the Twin Gods ,
u ictaran$and Ištaran ,
X$…
i$The Divine River ,
ictaran$Ištaran ,
u mactaba$and the Twin Gods ,
X$his seed
lilqutu$may they pluck up
adi sidarkicu$as far as his …
kima pi X X ca ina sipar$According to the wording of an old stone stela which in Sippar
1 remutum X X 1 X$Rēmũtum , the junior scribe ,  Su-… ,
us,abima isuh$examined and excerpted .
amarsuen$Amar-Suena ,
lugal kalga$the mighty king ,
lugal urima$king of Ur
lugal an ubda limmubake$and king of the four world quarters ,
ki enuga urima$the place of the watch in Ur
munadu$he built for him .
ki enugaba$This place of the watch
amarsuen$Amar-Suena
kiag nanna$Is the Beloved of Nanna
mubim$is its name .
2 zi sig gur lugal$NUMB gur rough flour , royal ,
3 dabin gur$NUMB gur dabin-flour ,
kicib uludi$under seal of Uludi ;
9 3 2 sila dabin gur$NUMB gur NUMB barig NUMB silaNUMB dabin-flour ,
kicib luninmar dumu duga$under seal of Lu-Ninmar , son of Duga ;
cunigin cebi 4 3 3 2 sila gur$total , its barley : NUMB gur NUMB barig NUMB silaNUMB ,
abi 2 4 8 geme u 1ce$its labor : NUMB workdays , female laborers ;
cabita$therefrom
1 ziz gur kicib lutu ugula kikken$NUMB gur emmer , under seal of Lu-Utu , foremen of the mill ;
9 3 ce gur kicib urigalim ugula kikken$NUMB gur NUMB ban2 barley , under seal of Ur-Igalim , foreman of the mill ;
giri luninmar dumu duga$via Lu-Ninmar , son of Duga ;
1 la 3 5 sila ce gur$NUMB gur less NUMB ban2 NUMB silaNUMB barley ,
kicib urnigar$under seal of Ur-nigar ;
2 ce gur anebadu nar$NUMB gur barley , Annebadu , the cantor ,
ca nibru$in Nippur ;
6 ce gur kicib ceckala$NUMB gur barley , under seal of Šeškalla ,
ca girsu$in Girsu ;
cunigin 3 7 la 5 sila ce ziz gur$total : NUMB gur less NUMB sila3 barley and emmer
ziga$booked out ;
laia 6 3 7 sila ce gur$the deficit : NUMB gur NUMB barig NUMB silaNUMB barley ,
laia 7 gin la 1 2 ce ku a zidaka$the deficit : NUMB shekels less NUMB grains silver , labor of flour ;
nigkak kala$account of KAla’a
uludi dumu habanzizi$Uludi , son of Ḫabanzizi ;
mu usa e puzuricdagan badu$year after : “ The house Puzris-Dagan was erected . ”
cusuen$Šū-Suen ,
lugal kalga$strong king ,
lugal urima$king of Ur ,
lugal an ubda limmuba$king of the four corners
lunincubur$Lu-Ninšubur ,
dubsar$scribe ,
dumu lugalazida$son of Lugal-azida ,
ARADzu$is your servant .
2 3 guruc u 1ce$NUMB male laborer workdays ,
ce irisarigta$grain from Irisagrig
ziga$booked out ;
ugula ala$foreman : Alaya ,
kicib urmes$under seal of Ur-mes ;
iti cueca$month : “ Šu’eša , ”
mu huhnuri bahul$year : “ Ḫuḫnuri was destroyed . ”
urmes$Ur-mes ,
dubsar$scribe ,
dumu ursuen$son of Ur-Suen .
pisanduba$Basket-of-tablets
kicib daba a erina$xxx
ceckala dumu tirgu$xxx
iti 1 1kam$xxx
igal$xxx
iti sigicubagarata$xxx
iti dumuzice$xxx
mu cusuen lugale mada zabcali muhul$xxx
musaraba$this inscription
cu bibura$shall erase
muni$and his name
pisanduba$Basket-of-tablets
gargara$… ,
gurumak erina$inspection of the worktroops ,
girisega guapina$personnel of the plow-oxen ,
girisega sipa unuene$personnel of the plow-oxen ,
guapin etur udu namenitala$plow-oxen , stall , rams of … ,
ki cunamugita$from Šunamugi
lunincubur idab$did Lu-Ninšubur accept ;
giri urnigar caduba$via Ur-nigar , chief accountant ,
u urbaba dubsar$and Ur-Baba , scribe ,
mu en nanna karzida bahun$year : “ en of Nanna of Karzida was installed , ”
igal$are here .
X X $…
X i ukim $… ukim ;
X iduga adu $… fine oil , Adu
nubanda $the nubanda ;
nizuhu X $… ;
X  $…
X tiuga $… ;
X luazida $… Lu-azida .
culgi$Šulgi ,
nita kalga$the mighty man ,
lugal urima$king of Ur
lugal an ubda limmuba$and king of the four world quarters .
pisanduba$Basket-of-tablets
nigkak kuc$accounts of leather
u kicib dababi$and sealed documents of their dab ,
lunamanka$Lu-namanka ,
igal$are here ;
mu amarsuen lugal$year : “ Amar-Suen is king . ”
n 1 1 3 sila 3 gin gu hia gur$… NUMB gur NUMB barig NUMB silaNUMB NUMB shekels various pulses ;
n gin celu$… shekels coriander ;
n 2 56 sila gamun$… NUMB ? sila3 cumin ;
n 6 56 sila 4 gin cezibitum$… NUMB sila3 NUMB shekels še-zibītum spice ;
gu balabi 8 sila 1 6 gin$its bala pulse : NUMB  sila3 NUMB shekels ;
6 12 sila 2 gin gutur usa$NUMB sila3 NUMB shekels roughly crushed small pulses ,
gu balabi 1 12 sila$its bala pulse : NUMB sila3 ;
56 sila 1 6 gin gamun gaz$NUMB  sila3 NUMB shekels crushed cumins ,
gamun balabi 56 sila 1 6 gin$its bala cumin : NUMB  sila3 NUMB shekels ;
n X X gamun$… cumin ;
n cezibitum$… še-zibītum spice ;
n celu gaz$… crushed coriander ,
celu balabi 2 n sila 6 gin$its bala coriander : NUMB  … sila3 NUMB shekels ;
n celu$… coriander ;
1 2 sila 1 7 gin gazi gaz$NUMB banNUMB NUMB sila3 NUMB4  shekels crushed sumac ,
gazi balabi 2 4 13 sila 4 gin$its bala sumac : NUMB banNUMB NUMB sila3 NUMB shekels ;
n gin gazi$… shekels sumac ;
n 4 13 sila 6 gin mun$… NUMB ? NUMB ? sila3 NUMB shekels salt ;
X mana sig mun$… mana brick salt ;
X X 6 gin cezibitum$… NUMB shekels še ? -zibītum ? spice ;
X X X$… ,
gamun balabi X 7 12 sila$its bala cumins : … NUMB sila3 ;
2 4 5 sila celu gaz$NUMB barig NUMB banNUMB NUMB sila3 crushed coriander ,
celu balabi 2 4 5 sila$its bala coriander : NUMB barig NUMB banNUMB NUMB sila3 ;
1 4 5 sila gazi gaz$NUMB barig NUMB ban2 NUMB sila3 crushed sumac ,
gazi balabi 3 3$its bala sumac : NUMB barig NUMB ban2 ;
1 4 3 6 sila mun gur$NUMB gur NUMB barig NUMB ban2 NUMB silaNUMB salt ;
6 sila numun zahili$NUMB sila3 cress seed ;
sadu kura$regular provisions , cut ;
ca urima$in/of Ur ;
cunigin X 4 1 2 4 sila X gin gu hia gur$total : … NUMB gur NUMB barig NUMB banNUMB NUMB sila3 … shekels various pulses ;
cunigin 1 2 4 12 sila X X gamun gur$total : NUMB gur NUMB barig 4 NUMB/NUMB sila3 x of cumin ;
cunigin 9 n 1 3 sila 8 gin celu gur$total : NUMB gur NUMB 1baNUMB2 NUMB silaNUMB NUMB shekels coriaNUMBder ;
cunigin 1 6 4 X X X X gur$total : NUMB  gur NUMB barig … ;
2 3 cezibitum$NUMB barig NUMB banNUMB of še-zibītum spice ;
3 n 1 sila gamun$NUMB barig … NUMB silaNUMB cumins ;
2 numun zahili$NUMB banNUMB of cress seed ;
2 6 sila kumul$NUMB barig NUMB sila3 ku-mul spice ;
sadu lugal$regular provisions  the king
u ziga nigdiri$and booked-outs , additional ,
ca nibru$in/of Nippur ;
3 1 12 sila gugal ara$NUMB barig NUMB ban2 NUMB/2 silaNUMB ground big pulses ;
3 1 12 sila gutur usa$NUMB barig NUMB ban2 NUMB/2 silaNUMB roughly crushed small pulses ;
3 7 sila zi gugal$NUMB barig NUMB silaNUMB big pulses flour ;
2 1 8 sila gugal$NUMB barig NUMB banNUMB NUMB sila3 big pulses ;
1 7 12 sila gamun gaz$NUMB ban2 7 NUMB/2 sila3 crushed cumin ;
1 4 5 sila celu gaz$NUMB barig NUMB ban2 NUMB sila3 crushed coriander ;
1 4 5 sila gazi gaz$NUMB barig NUMB ban2 NUMB sila3 crushed sumac ;
1 4 3 6 sila mun gur$NUMB gur NUMB barig NUMB ban2 NUMB silaNUMB salt ;
1 4 sila numun zahili$NUMB ban2 NUMB sila3 cress seed ;
sadu ca urima$regular provisions in/of Ur ,
ziga lugal$royal withdrawal ;
cunigin X gugal$total : … big pulses ;
cunigin 4 5 6 12 sila gamun gaz$total : NUMB barig NUMB ban2 NUMB sila3 crushed cumin ,
gamun balabi 4 5 6 12 sila$its bala cumin : NUMB barig NUMB ban2 NUMB sila3 ;
cunigin 1 gamun$total : NUMB barig cumin ;
cunigin 3 1 6 23 sila celu gaz gur$total : NUMB gur NUMB barig 6 2/NUMB silaNUMB crushed coriander ,
celu balabi 3 1 6 23 sila$its bala coriander : NUMB gur NUMB barig 6 2/NUMB silaNUMB ;
cunigin 2 celu gur$total : NUMB gur coriander ;
cunigin 4 3 2 8 13 sila 7 gin gazi gaz$total : NUMB gur NUMB barig NUMB banNUMB 8 1/NUMB silaNUMB NUMB shekels crushed sumac ,
gazi balabi 9 1 5 6 56 sila 4 gin gur$its bala sumac : NUMB gur NUMB barig NUMB ban2 6 NUMB/6 sila3 NUMB shekels ;
cunigin 1 gazi gur$total : NUMB gur sumac ;
cunigin 2 3 cezibitum$total : NUMB barig NUMB banNUMB of še-zibītum spice ;
cunigin 4 2 sila ukur$total : NUMB barig NUMB sila3 uNUMB-kur spice ;
cunigin 3 4 sila numunzahili$total : NUMB ban2 NUMB silaNUMB cress seed ;
cunigin 1 9 1 4 3 sila mun gur$total : NUMB gur NUMB barig NUMB ban2 NUMB silaNUMB salt ;
diri X gamun 4ta$surplus : … cumin at NUMB ban2 each ;
diri n 5 8 23 sila cezibitum 4ta$surplus : … NUMB ban2 NUMB sila3 še-zibītum spice at NUMB ban2 each ;
diri 3 4 5 12 sila 4 gin mun 2 gurta$surplus : NUMB barig NUMB banNUMB NUMB silaNUMB NUMB shekels salt , at NUMB gur each ,
gubi 5 1 4 8 23 sila 5 gin gur$its pulses : NUMB gur NUMB barig NUMB ban2 NUMB sila3 NUMB shekels ,
diri laia gua$the surplus the deficit having ‘consumed’ ;
laia 3 2 9 13 sila gu hia$deficit : NUMB barig NUMB banNUMB 9 1/NUMB silaNUMB various pulses ,
3 3 12 sila 8 gin celu$NUMB barig NUMB ban2 NUMB silaNUMB NUMB shekels coriander ,
1 4 9 23 sila 5 gin gazi gur$NUMB gur NUMB barig NUMB sila3 NUMB shekels sumac ,
4 2 sila ukur$NUMB banNUMB NUMB sila3 uNUMB-kur spice ,
1 5 56 sila 2 gin numun zahili$NUMB banNUMB NUMB sila3 NUMB shekels cress seed ,
X 2 sila 1 8 gin kumul$… NUMB sila3 NUMB shekels ku-mul spice ,
n 4 1 sila zizibianum$… NUMB ban2 NUMB sila3 zizibiānum spice
n n mana sig mun$… mana brick salt ,
laiam$it is the deficit ;
nigkak mungazi$account of spices
urigalim$Ur-Igalim ,
iti cesagkuta$from month “ Harvest , ”
iti diri cesagkuce$to the extra month “ Harvest , ”
iti 2kam$it is NUMB months .
pisanduba$Basket-of-tablets
dub gida$xxx
idub giri kudamu$xxx
igal$xxx
mu simurum lulubu ara 1 la 1kamac bahul$xxx
amarsuen$Amar-Suena ,
lugal kalga$the mighty man
nanna$For Nanna ,
dumusag$the first-born son
enlila$of Enlil ,
lugalani$his master ,
urnamma$Ur-Namma ,
nita kalga$the mighty man ,
lugal urima$the king of Ur
lugal kiengi kiurike$and king of Sumer and Akkad ,
lu e nanna$the man who the temple of Nanna
indua$built ,
niguliake pa munae$he made an everlasting thing appear resplendently ,
gaba abkaka$on the sea coast
kisara namgaec bisilim$in the … he restored long-distance trade to health
ma magan cuna munigi$and returned the boats of Magan to his control .
lubala$Lu-balaya
nurickurka$Nur-Iškur
cu iba$has been released .
akala$Akalla ,
dubsar$scribe ,
dumu urnigar cuc$son of Ur-nigar , chief livestock administrator .
1 6 guruc u 2ce$NUMB laborers for NUMB days
ummata dugecikace ma su gida$from Umma to Dugeši an empty boat towed ,
u 2ce ce gec ea u ma siga$for NUMB days barley threshing and in the boat loaded ,
u 1ce i salac ma gida$for NUMB day to the Salla canal boat towed ,
u 3ce ce bala ce bala u gurua imura$for NUMB days grain unloaded , grain transferred , and silo plastering ;
ugula urcakkan$foreman : Ur-Šakkan ,
kicib urcara$sealed document of Ur-Šara ;
mu en gaec bahun$year : “ The lord of Ga’eš was installed . ”
urcara$Ur-Šara ,
dubsar$scribe ,
dumu ceckala$son of Šeškalla .
pisanduba$Basket-of-tablets
kicib ra guruma$sealed documents of inspections
cabrane$of the chief house administrators
igal$are here ;
mu$year : “ … . ”
pisanduba$Basket-of-tablets
ab gu guba$cows and oxen stationed ,
X$…
X$…
girsuta$from Girsu
guabace$to Guabba ,
igal$are here ;
mu usa en eridu bahunga$year following : “ The en- of Eridu was hired . ”
2 2 4 udu bargal$NUMB sheep with fleece ,
4 sila bargal$NUMB lambs with fleece ,
7 udu barsuga$NUMB sheep without fleece ,
3 1 2 ud mac hia$NUMB mixed nanny and billy goats ,
ki kasta$from Kas
lusuen idab$Lu-Suen took ;
mu usa kimac bahul$year after : “ Kimaš was destroyed . ”
pisanduba$Basket-of-tablets
mu 2 sikiba geme ucbar$NUMB years , wool rations of the female weavers ,
ugula abagula$foreman Abbagula ,
ugula utubae$foreman Utu-ba’e ,
ugula kuda$foreman Kuda ,
u eb tuda$and … ,
igal$are here ;
mu enmahgalana$year : “ Enmaḫgalana . ”
cusuen$Šū-Suen ,
lugal kalga$strong king ,
lugal urima$king of Ur ,
lugal an ubda limmuba$king of the four corners
urbaba$Ur-Baba ,
dubsar$scribe ,
dumu ureninnu$son of Ur-Eninnu ,
ARADzu$is your servant .
pisanduba$Basket-of-tablets
ca dugan$in the pouch ,
ekas ca girsu$messenger house in Girsu ,
igal$are here ;
iti ezemdumuzika$from month “ Festival-of-Dumuzi , ”
iti ceilace$to month “ Barley-carried , ”
iti 7kam$NUMB months ,
mu usa kimac bahul$year after : “ Kimaš was destroyed . ”
pisanduba$Basket-of-tablets
indub gec ea$xxx
ku mac kia$xxx
ce apinla daba$xxx
cegeci muku$xxx
gu muku$xxx
zulum muku$xxx
u laia sugabi$xxx
imbi 1 1am$xxx
niginbabi 1am$xxx
ingal$xxx
iti 1 3kam$xxx
mu usa bad mada badua$xxx
cusuen$Šū-Suen ,
lugal kalga$strong king ,
lugal urima$king of Ur ,
lugal an ubda limmubake$king of the four corners
culgihazir$to Šulgi-ḫazir ,
cagina$general ,
ARADdanir$his servant ,
inaba$he gifted .
6 tug ucbar tur sumun$Six old small “ weaver ” garments ,
2 tug cagadu sumun$two old šagadu garments ,
mu ucbar X$the … weavers ;
2 tug ucbar tur$NUMB small “ weaver ” garments ,
1 tug ucbar zu uh$NUMB “ weaver ” garment , moth-eaten ;
mu amarsuen lugale urbilum muhul$year : “ Amar-Suen , the king , destroyed Urbilum ; ”
ki ensikata$from the governor ,
kicib ikala$under seal of Ikalla ,
urcarake bandab$Ur-Šara assumed administrative responsibility for .
urcara$Ur-Šara ,
dubsar$scribe ,
dumu lugalucur$son of Lugal-ušur .
5 sila kac 5 sila ninda 2 sa cum $NUMB sila3 beer , NUMB sila3 bread , NUMB bundles onions ,
3 gin i 2 gin naga $NUMB shekels oil , NUMB shekels alkali-plant ,
lunanna $for Lu-Nanna ;
5 sila kac 5 sila ninda 2 sa cum $NUMB sila3 beer , NUMB sila3 bread , NUMB bundles onions ,
3 gin i 2 gin naga $NUMB shekels oil , NUMB shekels alkali-plant ,
urdingira $for Ur-dingira ;
2 kac 2 ninda 2 sa cum $NUMB banNUMB beer , NUMB banNUMB bread , NUMB bundles onions ,
1 gin i 2 gin naga $NUMB shekels oil , NUMB shekels alkali-plant ,
dania $for Danniya ;
5 sila kac 5 sila ninda 2  $NUMB sila3 beer , NUMB sila3 bread , NUMB bundles onions ,
3 gin i 2 gin naga $NUMB shekels oil , NUMB shekels alkali-plant ,
X $for Ur-…-du
3 sila kac 2 sila ninda 2 sa cum $NUMB silaNUMB beer , NUMB silaNUMB bread , NUMB bundles onions ,
3 gin i 2 gin naga $NUMB shekels oil , NUMB shekels alkali-plant ,
anahili $for Anna-ḫili ;
3 sila kac 2 sila ninda 2 sa cum $NUMB silaNUMB beer , NUMB silaNUMB bread , NUMB bundles onions ,
3 gin i 2 gin naga $NUMB shekels oil , NUMB shekels alkali-plant ,
dingirsukkal $for Dingir-sukkal ;
cunigin 4 1 sila kac 4 la 1 sila ninda 1 2 sa cum $total : NUMB ban2 NUMB sila3 beer ; NUMB ban2 less NUMB sila3 bread ; NUMB2 bundles onions ;
13 sila 5 gin i 1 2 gin naga $NUMB sila3 NUMB shekels oil ; NUMB shekels alkali-plant ;
u 2 6kam $NUMBth day ,
iti ezem culgi $month : “ Festival of Šulgi . ”
ig gal elamata$from the great gate of Elam
za cucince$to the border of Susa ,
lugalra$for the king
gu munagigi$they killed many cattle
udu munagigi$and killed many sheep .
ensiensi elamake$All the governors of Elam
mucen tecbi nunuz zuhzuhgin$like birds stealing eggs together
nera niba munake$were themselves taking booty .
sag elam utuda$Persons born in Elam
X$…
uba X$At that time , …
ur cusi X$like
giri X$having lain at  feet ,
gutarla dumu gutimumara$Gutarla , the citizen of Gutium ,
inim anake$the word of An
cu numunibtag$had not touched .
geckim enlila$Of the signs of Enlil
name numudagal$there were none at all regarding him .
namlugalce$For the kingship
a imatu$he bathed himself .
aga ban X X$The crown which they had …
X X$…
u ane X miniIL$and he carried … there .
ana binakbi$For what he had done there ,
mada gutimum$the lands of Gutium
simudar$and Simudar
sigba ugnim ki banitag$planted troops there in the south .
tulium$Tulium ,
kar magur nuzu$the harbor which knew no deep-going boats ,
mete NI X$a fitting thing …
X$because of … ,
nam X su X$and because of … ,
urnamma$Ur-Namma
X urima$… in/of Ur
zicagal X ku enlila$the encouragement of holy Enlil
anta X$from above …
X lugalbanda X X lu muciak$… Lugalbanda … did … to the men .
X imidare AN gi X$… was splitting … upward …
1 amar gu ga$NUMB suckling bull calf ,
1 udu niga saga us$NUMB sheep , barley-fed , of NUMBnd grade ,
1 udu X$NUMB sheep … ,
1 X$NUMB … ,
1 X$NUMB … ,
1 sila X$NUMB lamb … ,
bauc u 1 la 1kam$slaughtered , the NUMBth day ,
ki ahunita$from Ahuni
urnigar$Ur-nigar
cu bati$received ;
iti kisikininazu minkam$month : “ ki-siki of Ninazu , ” the second ,
mu simurum lulubu ara 1 la 1kam bahul$year : “ Simurum  Lulubu for the NUMBth time were destroyed . ”
pisanduba$Basket-of-tablets
GAN kab duga$fields , inspected ,
cabra sangame$of chief household administrators and chief temple administrators ,
igal$are here ;
mu hurti bahul$year : “ Ḫurti was destroyed . ”
1 gin kubabbar$NUMB shekel silver ,
a urickur$labor of Ur-Iškur ,
ki lugalazidata$from Lugal-azida
gemenungalke$did Geme-Nungal
u cudurul dumuni$and Šu-durul , her son ,
cu batiec$receive ;
igi urickur$before Ur-Iškur ,
igi dumu ursuen$before the son of Ur-Suen ,
igi luickur$before Lu-Iškur ,
igi tulta dumu lugalhegal$before Tulta , son of Lugal-ḫegal
tukumbi$if
gala badag$there is a work loss ,
ce 6 silata agdam$barley , NUMB sila3 per  will be measured out ,
mu lugalbi inpa$did he the royal name invoke ;
iti cesagku$month : “ Harvest , ”
mu magurmah enlila babdu$year : “ The Big-Barge of Enlil was caulked . ”
cutul$Šutul ,
dumu gemenungal$son of Geme-Nungal .
gemeningal$Geme-Ningal ,
dumu bagina$son of Bagina .
pisanduba$Basket-of-tablets
dub gida$long-tablets
u sagnigura$and debits
X$…
igal$are here ;
mu$year : “ … . ”
pisanduba$Basket-of-tablets
bitum$xxx
muku$xxx
meictaran$xxx
iti sesdagu$xxx
mu e cara mudu$xxx
igal$xxx
apa nabasata$From the side of the Nabasa canal
1 3 ninda gid 1 kuc dagal 1 kuc sukud$NUMB ninda the length , NUMB cubit the width , NUMB cubit the height ,
aca 7 12 sar$the volume NUMB sar ;
1 ninda gid 1 kuc dagal 2 kuc sukud$NUMB ninda the length , NUMB cubit the width , NUMB cubits the height ,
aca 2 sar$the volume : NUMB sar ;
apisal X X$Apisal … ;
2 X$NUMB …
aca X$the volume …
1 2 X X$NUMB …
a X$…
a X$…
X$…
n X$NUMB …
n X$NUMB …
a X$from the side of …
5 5 ninda gid 1 kuc dagal 1 kuc sukud$NUMB ninda the length , NUMB cubit the width , NUMB cubit the height ;
aca 4 12 sar 5 gin$the volume NUMB sar , NUMB shekels .
e aca pirigturginDUce$For a levee in the field Pirigtur-gin-DU
cunigin 8 5 ninda gid$Total : NUMB ninda the length .
cunigin 1 5 8 12 sar kin sahar u usag$Total : NUMB sar the activity for earthwork and reed bundle for barges
e aca lugalmusa gaba agectinaka$The levee of the Lugal-mussa field that is in front of A-geštin field
e kisumuna gida$has been measured up to the levee of a plot with poor soil ? ;
ugula sanga dumuzi u sanga ninDARa$the foremen  Nin-DARa .
mu guza enlila badim$Year : The throne of Enlil was fashioned
pisanduba$Basket-of-tablets
erin balace guba$worktroopes to bala stationed ,
erin kicgati$worktroops of Kišgati
im laia$tablets of deficits
u nigkak$and accounts ,
iti paue$year “ Pa’ue , ”
mu mada zabcali bahul$year : “ The lands of Zabšali were destroyed . ”
nimintaba$For Nimintaba ,
ninani$his mistress ,
culgi,$Šulgi
nita kalga$the mighty man ,
lugal urima$king of Ur
lugal kiengi kiurike$and king of Sumer and Akkad ,
eani$her temple
munadu$he built for her .
nimintaba$For Nimintaba ,
ninani$his mistress ,
culgi$Šulgi ,
nita kalga$the mighty man ,
lugal urima$king of Ur
lugal kiengi kiurike$and king of Sumer and Akkad ,
eani$her temple
munadu$he built for her .
giri cuecdar sagi$via Šu-Ešdar , the cupbearer ,
bala u 1 3kam$bala , the NUMBth day ;
iti ezemekigal$month : “ Festival of Mekigal , ”
mu en inanna unuga mace ipa$year : “ The high-priest of Inanna in Uruk by means of extispicy was chosen . ”
ibisuen$Ibbi-Suen ,
lugal kalga$strong king ,
lugal urima$king of Ur
cuecdar$Šu-Ešdar ,
sagi$cup-bearer ,
dumu X$son of …-du ,
ARADzu$your servant .
pisanduba$Basket-of-tablets
ecucuma$house of consignments ,
ucbar X$weavers , Lu-… ,
e ucbar egal$house of weavers of the palace ,
u e ucbar nindingir$and house of weavers of the priestess
baba$of Baba ,
luinimnigsaga$Lu-inimnigsaga ,
ca girsu$in Girsu ,
igal$are here ;
mu$year : “ … . ”
pisanduba$Basket-of-tablets
ceba sikiba geme ucbar$xxx
ugula lunincubur dumu urlamma$xxx
baur$xxx
1 lunincubur$xxx
1 dada$xxx
1 luhurim$xxx
1 luenki$xxx
1 izu$xxx
1 lunisaba$xxx
1 urnigar$xxx
1 urningeczida$xxx
cunigin 8 guruc u X X$xxx
ca guaba X$xxx
mu X X X X$xxx
cusuen$Šū-Suen ,
nita kalga$strong man ,
lugal urima$king of Ur ,
lugal an ubda limmuba$king of heaven with its four corners
cuera$Šu-Erra ,
muhaldim lugal$royal cook ,
dumu zakili$son of Zak-ilī ,
ARADzu$is your servant .
1 uztur$NUMB duck ,
1 ir$NUMB pigeon ,
1 tugur$NUMB dove ,
1 cahNEturnitagecgi$NUMB male piglet , canebrake type ,
nigu ningace$for food of my queen ;
1 uztur$NUMB duck ,
1 ir$NUMB pigeon ,
bauc$slaughtered ,
egala banku$brought to the palace ;
itita u 1 7 bazal$of the month the NUMBth day passed ;
ziga$booked out
urlugaledina$of Ur-Lugaledina ;
iti kisiki ninazu$month : “ ki-siki-of-Ninazu , ”
mu usa urbilum bahul$year after : “ Urbilum was destroyed . ”
pisanduba$Basket-of-tablets
a gula ente$xxx
cabrane$xxx
X$xxx
mu en nanna gaec bahun$xxx
cusuen$Šū-Suen ,
lugal kalga$strong king ,
lugal urima$king of Ur ,
lugal an ubda limmuba$king of the four corners
babara X$Babara … ,
dumu X$son of Lu-… ,
ARADzu$is your servant .
pisanduba$Basket-of-tablets
kicib ce ziga$sealed documents , grain , credits ,
sag baDU$… .
pisanduba$Basket-of-tablets
idub kara$xxx
siki urlamma$xxx
mu 5kam$xxx
igal$xxx
cusuen$Šu-Suen ,
lugal kalga$strong king ,
lugal urima$king of Ur ,
lugal an ubda limmuba$king of heaven with its four corners
akala$Ayakalla ,
ensi$governor
umma$of Umma ,
ARADzu$your servant .
pisanduba$Basket-of-tablets
nigkak situm$xxx
lu nigdab ca niginkene$xxx
u gara ninda ea$xxx
igal$xxx
mu guza enlila badim$xxx
cusuen$Šū-Suen ,
lugal kalga$strong king ,
lugal urima$king of Ur ,
lugal an ubda limmubake$king of the four corners
nurickur$to Nūr-Adda ,
sagi$cupbearer ,
ARADdani$his servant ,
inaba$he gifted .
pisanduba$Basket-of-tablets
aca dudua$xxx
lu marsa$xxx
sadu$xxx
kaguru$xxx
candana$xxx
dubsar gu udu$xxx
girisega$xxx
e ningirsu u baba$xxx
agaus ensi$xxx
idume$xxx
mauzala$xxx
igal$xxx
9 ce gur$NUMB gur barley
sadu cara cupalil$regular offering for Šara … ,
guedinata$from Gu-edina
ki egalesita$from Egalesi
hala cu bati$did Ḫala receive ;
iti cesagkuta$from the month “ Harvest ”
iti nesagce$to the month “ First-fruit offering , ”
mu usa cacru bahul$year after : “ Šašru was destroyed . ”
hala$Ḫala ,
dumu lugalemah$son of Lugal-emaḫ ,
lu lunga cara$brewer of Šara .
uc ursilaluh$Dead : Ur-silaluḫ ,
1 GAN eurbidu ugula$NUMB aš-c- , ‘field’ : E-urbidu , a foreman ,
1 GAN girinisa$NUMB aš-c- , ‘field’ : Girini-isa ,
dumunime$—they are his sons— ,
1 GAN urgectinanka$NUMB aš-c- , ‘field’ : Ur-Geštinanka ,
1 lusukkalanka$NUMB diš- : Lu-Sukkalanka ,
dumunime$—they are his sons— ,
tir kisura idab$the Border-woods took in charge ;
1 1 1 5 4 ug dugani$NUMB aš-c- , porter : Dugani ,
tir cunamugi idab$the Šunamugi-woods took in charge ;
1 GAN inimcara$NUMB aš-c- , ‘field’ : Inim-Šara ,
1 lugalinimgina dumuni$NUMB diš- : Lugal-inim-gina , his son ,
tir akunkum idab$the Akunkum-woods took in charge ;
cu uraba$old : Ur-abba ,
1 GAN lucara dumuni$NUMB aš-c- , ‘field’ : Lu-Šara , his son ,
tir kamari idab$the Kamari-woods took in charge ;
uc lugalitida$dead : Lugal-itida ,
1 GAN lugina$NUMB aš-c- , ‘field’ : Lu-gina ,
1 ahubaqar$NUMB aš- : Aḫu-baqar ,
uc lucara$dead : Lu-Šara ,
1 atanah$NUMB diš- : Atannaḫ ,
dumunime$—they are his sons— ,
tir aca amri idab$the Amri-field-woods took in charge ;
1 GAN luabu$NUMB aš-c- , ‘field’ : Lu-Abu ,
1 luebgal$NUMB aš- : Lu-ebgal ,
1 luenkidu$NUMB diš- : Lu-Enkidu ,
dumu dadaga$—sons of Dayadaga— ,
tir ula idab$the Ula-woods took in charge ;
1 GAN ug adudu$NUMB aš-c- , ‘field’ , porter : Adudu ,
1 lugalkuzu dumuni$NUMB diš- : Lugal-kuzu , his son ,
tir kirimah idab$the Big-orchard-woods took in charge ;
1 nu GAN inimanizi$NUMB aš-c- , ‘field’ : Inimanizi ,
1 nu uremah$NUMB aš- : Ur-Emaḫ ,
1 nu utusaga$NUMB diš- : Utu-saga ,
1 nu ururbartab$NUMB diš- : Ur-Urbartab ,
dumunime$—they are his sons— ,
tir i dula idab$the Dula-waterway-woods took in charge ;
1 cagubi zah$NUMB aš-c- : Šagubi , flown ,
tir aca carasi idab$the Šarasi-field-woods took in charge ;
1 GAN uremac dumu ursilaluh$NUMB aš-c- , ‘field’ : Ur-Emaš , son of Ur-silaluḫ ,
tir daguna idab$the Daguna-woods took in charge ;
ugula eurbidu$foreman : E-urbidu ;
1 GAN ceckala ugula$NUMB aš-c- , ‘field’ : Šeškalla , foreman ,
1 inimanizi dumuni$NUMB diš- : Inimanizi , his son ,
1 GAN lugalhili$NUMB aš-c- , ‘field’ : Lugal-ḫili ,
1 carazida$NUMB aš- : Šara-zida ,
1 luabu$NUMB diš- : Lu-Abu ,
dumu alume$—they are sons of Allu— ,
tir elugal idab$the Royal-house-woods took in charge ;
1 GAN akala dumu urtulmah$NUMB aš-c- , ‘field’ : Akalla , son of Ur-tulmaḫ ,
1 girinisa dumuni$NUMB diš- : Girini-isa , his son ,
tir kara idab$the Quay-woods took in charge ;
1 GAN ceckala$NUMB aš-c- , ‘field’ : Šeškalla ,
1 lugalhegal dumuni$NUMB aš- : Lugal-ḫegal , his son ,
tir masar idab$the Masar-woods took in charge ;
1 GAN ludingira dumu urlugal$NUMB aš-c- , ‘field’ : Lu-dingira , son of Ur-lugal ,
tir turuda idab$the Turuda-woods took in charge ;
1 GAN ug lugalhegal dumu urgu$NUMB aš-c- , ‘field’ , porter : Lugal-ḫegal , son of Ur-gu ,
1 luninazu dumuni$NUMB diš- : Lu-Ninazu , his son ,
tir nagsu idab$the Nagsu-woods took in charge ;
1 GAN lugalzage$NUMB aš-c- , ‘field’ : Lugal-zage ,
1 lunanna dumuni$NUMB diš- : Lu-Nanna , his son ,
tir girgec idab$the Girgeš-woods took in charge ;
1 GAN urnigar$NUMB aš-c- , ‘field’ : Ur-nigar ,
1 ata dumuni$NUMB diš- : Ata , his son ,
tir inime idab$the Inime-woods took in charge ;
cu abasaga$old : Abba-saga ,
tir balatimdurun idab$the Bala’atimdurun-woods took in charge ;
1 GAN carakam$NUMB aš-c- , ‘field’ : Šara-kam ,
tir kisura adab idab$the Kisura-of-Adab-woods took in charge ;
1 GAN bansa$NUMB aš-c- , ‘field’ : Bansa ,
1 ursukkal dumuni$NUMB diš- : Ur-sukkal , his son ,
tir zabala idab$the Zabala-woods took in charge ;
ugula ceckala$foreman : Šeškalla ;
1 GAN ug urgigir$NUMB aš-c- , ‘field’ , porter : Ur-gigir ,
tir i gala idab$the Big-waterway-woods took in charge ;
cu urcara dumu ARAD$old : Ur-Šara , son of ARAD ,
1 GAN luhegal$NUMB aš-c- , ‘field’ : Lu-ḫegal ,
1 halamami$NUMB aš- : Ḫala-Mami ,
uc ludingira$dead : Lu-dingira ,
1 lugalnesage$NUMB diš- : Lugal-nesage ,
dumunime$—they are his sons— ,
tir garcanaka idab$the Garšana-woods took in charge ;
1 GAN urcara dumu idia$NUMB aš-c- , ‘field’ : Ur-Šara , son of Idi’a ,
tir eringarcanaka idab$the troops-of-Garšana-woods took in charge ;
1 GAN ug luga$NUMB aš-c- , ‘field’ , porter : Luga ,
1 GAN urdumuzida dumu urmes$NUMB aš-c- , ‘field’ : Ur-Dumuzida , son of Ur-mes ,
tir canintina idab$the Midst-of-Nintina-woods took in charge ;
1 GAN cakusig$NUMB aš-c- , ‘field’ : Šakusig ,
1 urnigar$NUMB aš- : Ur-nigar ,
1 luebgal$NUMB diš- : Lu-ebgal ,
dumunime$—they are his sons— ,
tir gabarigarcanaka idab$the Copy-of-Garšana-woods took in charge ;
tir macukudiri gu i namhani idab$the Extra-prebend-boat-woods , bank of the Namḫani-waterway , took in charge ;
1 GAN bansa$NUMB aš-c- , ‘field’ : Bansa ,
1 ARADcara dumuni$NUMB diš- : ARAD-Šara , his son ,
dumu handa nukiri$son of Ḫanda , the orchardman ,
tir ukunuti gu i culgihegal idab$the Ukunuti-woods , bank of the Šulgi-ḫegal-waterway , took in charge ;
1 GAN abagina dumu urnigar dumu da$NUMB aš-c- , ‘field’ : Abba-gina , son of Ur-nigar , son of Dayya ,
ime taka$remainder of the preceding year ,
tir iribura idab$the Bura-town-woods took in charge ;
1 GAN lalmes$NUMB aš-c- , ‘field’ : Lal-mes ,
tir aduganigin idab$the Aduganigin-woods took in charge ;
1 GAN abudu$NUMB aš-c- , ‘field’ : Abu-ṭab ,
tir garsuda idab$the Garsuda-woods took in charge ;
1 GAN lugaldaga$NUMB aš-c- , ‘field’ : Lugal-daga ,
uc amaki pa urnigar$dead : Ama-ki , oldest brother of Ur-nigar ,
dumu urictaran$son of Ur-Ištaran ,
tir GANmac idab$the GANmaš-woods took in charge ;
ugula urcara$foreman : Ur-Šara ;
cunigin 3 GAN guruc ugula$total : NUMB aš-c- , ‘field’ corporate slaves , foremen ;
cunigin n dumunita diri$total : NUMB extra male child ;
cunigin 1 dumunita$total : NUMB diš- male child ;
cunigin 1 guruc cugi$total : NUMB diš-corporate slave , old one ;
ugula idab$the foreman took in charge ;
cunigin 2 3 GAN guruc$total : NUMB aš-c- , ‘field’ , corporate slaves ;
cunigin 1 guruc nudab$total : NUMB aš-c- , corporate slave , not took in charge ;
cunigin 5 dumunita$total : NUMB aš- , male children ;
cunigin 1 1 dumunita$total : NUMB diš- , male children ;
cunigin 2 guruc cugi$total : NUMB diš- , corporate slaves , old ones ;
cunigin 1 guruc zah$total : NUMB aš- , corporate slave , flown ;
cunigin 1 guruc nudab$total : NUMB aš- , corporate slave , not took in charge ;
cunigin 2 dumunita nudab$total : NUMB diš- , male children , not passed by ;
cunigin 4 GAN ug guruc$total : NUMB aš-c- , ‘field’ , porters , corporate slaves ;
cunigin 1 ug guruc 1 1 5 sila ce 4 mana sikita$total : NUMB aš- , porter , corporate slave at NUMB barig NUMB ban2 NUMB sila3 barley NUMB mana wool each ;
cunigin 2 dumunita$total : NUMB diš- , male children ;
ugILme$—they are porters— ;
cebi 1 1 5 sila$their barley : NUMB barig NUMB ban2 NUMB sila3 ,
itida bedam$to be distributed monthly ;
sikibi 4 mana$their wool NUMB mana ,
mua bedam$to be distributed yearly ;
gurum ak erin daba lu tira$inspection of the troops passed by as foresters
akala ensi umma$Ayakalla , ensi of Umma ;
giri catakuzu sukkal$via Šata-kuzu , the sukkal ,
luinanna sukkal$Lu-Inanna , the sukkal ,
u lunanna dumu inimcara$and Lu-Nanna , son of Inim-Šara ;
iti ezemdumuzi$month : “ Dumuzi festival , ”
mu enuneamarsuenrakiag en eridu bahun$Year : “ Ennune-Amar-Suenra-ki’ag as priest of Eridu was installed . ”
1 12 ninda gid 3 kuc dagal 2 kuc bur$NUMB ninda the length , NUMB cubits the width , NUMB cubits the depth ,
acabi 23 sar 5 gin$its volume : NUMB sar NUMB shekels ;
12 ninda 4 kuc gid 4 kuc dagal 2 13 kuc bur$NUMB ninda NUMB cubits the length , NUMB cubits the width , NUMB cubits the depth ,
acabi 23 sar la 1 gin$its volume : NUMB sar less NUMB shekel ;
2 ninda gid 4 kuc dagal 1 23 kuc bur$NUMB ninda the length , NUMB cubits the width , 1 NUMB/3 cubits the depth ,
acabi 1 sar 6 23 gin$its volume : NUMB sar NUMB shekels ;
2 ninda gid 4 kuc dagal 1 kuc bur$NUMB ninda the length , NUMB cubits the width , NUMB cubit the depth ,
acabi 23 sar$its volume : NUMB sar ;
3 12 ninda 3 kuc gid 4 kuc dagal 2 kuc bur$NUMB ninda NUMB cubits the length , NUMB cubits the width , NUMB cubits the depth ,
acabi 2 12 sar$its volume : NUMB sar ;
12 ninda 1 kuc gid 2 23 kuc dagal 1 13 kuc bur$NUMB ninda NUMB cubit the length , NUMB cubits the width , NUMB NUMB/3 cubits the depth ,
acabi 1 13 gin$its volume : NUMB shekels ;
12 ninda gid 3 kuc dagal 2 kuc bur$NUMB ninda the length , NUMB cubits the width , NUMB cubits the depth ,
acabi 1 5 gin$its volume : NUMB shekels ;
12 ninda gid 3 kuc dagal 1 13 kuc bur$NUMB ninda the length , NUMB cubits the width , 1 1/NUMB cubits the depth ;
acabi 1 gin$its volume : NUMB shekels ;
1 12 ninda 2 kuc gid nuak$NUMB ninda NUMB cubits the length ;  unfinished ;
1 ninda 1 kuc gid 3 kuc dagal 1 23 kuc bur$NUMB ninda NUMB cubit the length , NUMB cubits the width , NUMB 2/NUMB cubits the depth ;
acabi 13 sar 7 gin$its volume NUMB sar NUMB shekels ;
8 gin DUBla$NUMB shekels DUBla ;
cunigin 6 23 sar 1 gin kin sahar$total : NUMB sar NUMB shekel earthwork .
imdua e niglagarka$pisé walls for the household of Nig-lagar .
6 3 8 guruc u 1ce$NUMB laborer days ,
kisu aca manu$at the threshing floor of the field Willow stationed ;
ugula urmes$foreman : Ur-mes ,
kicib lugalemahe$under seal of Lugal-emaḫe ;
giri tugac$via Tugaš ;
mu en eridu bahun$year : “ The high-priest of Eridu was installed . ”
lugalemahe$Lugal-emaḫe ,
dubsar$scribe ,
dumu lugalkugani$son of Lugal-kugani .
1 udu niga$NUMB grain-fed ram
guza ena$the throne of the high-priestess ,
giri nursuen sagi$via Nur-Suen , the “ cup-bearer , ”
babancen mackim$Babanšen the responsible official ;
iti u 1 5 bazal$of the month NUMB days elapsed ;
ki culgiamuta bazi$from  Šulgi-ayamu booked out ;
iti macdagu$month : “ Gazelle feast , ”
mu cacru bahul$year : “ Šašru was destroyed ; ”
1$NUMB .
pisanduba$Basket-of-tablets
gurumak$inspections
sipa unu$of shepherds and cowherds
kinunir$of Kinunir ,
nigin$Nigin ,
guaba$Guabba ,
X X X$…
X$…
u sagapin e ninhursag$and the head-plowmen of the house of Ninḫursag ,
igal$are here ;
mu harci kimac bahul$year : “ Ḫarši , Kimaš were destroyed . ” 1
cusuen$Šū-Suen ,
lugal kalga$strong king ,
lugal urima$king of Ur ,
lugal an ubda limmuba$king of the four corners
gududu$Gududu ,
dubsar$scribe ,
ARADzu$is your servant .
pisanduba$Basket-of-tablets
nigkak X gec X X$xxx
a mac X$xxx
mu X X X$xxx
mu 4 iti 8 X$xxx
caba iti diri 1am$xxx
pisanduba$Basket-of-tablets
aca gida$xxx
giri urnigar sadu lugal$xxx
mu guza enlila badim$xxx
cusuen$Šū-Suen ,
lugal kalga$strong king ,
lugal urima$king of Ur ,
lugal an ubda limmuba$king of the four corners
enancekiag$En-Nanše-kiag ,
dumu X$son of …
dumu X$NUMB . … : … .
pisanduba$Basket-of-tablets
nigkak$accounts
abamu$of Abbamu ,
giri atu$via Atu ,
pisanduba$Basket-of-tablets
tagtaga udu gukkalka zusika$xxx
girsuta$xxx
guabace$xxx
igal$xxx
mu huhunuri bahul$xxx
pisanduba$Basket-of-tablets
nigkak a buru a ente$accounts of labor of harvest and labor of wintertime ,
cabrane$of the chief household administrators ,
igal$are here ;
mu en nanna karzida bahun$year : “ The en- of Nanna of Karzida was hired . ”
cusuen$Šū-Suen ,
lugal kalga$strong king ,
lugal urima$king of Ur ,
lugal an ubda limmuba$king of the four corners
lunincubur$Lu-Ninšubur ,
dubsar$scribe ,
dumu idisuen$son of Idī-Suen ,
ARADzu$is your servant .
pisanduba$Basket-of-tablets
dub gida$long-tablets
damgarne$of the exchange agents
igal$are here ;
mu$year : “ … . ”
pisanduba$Basket-of-tablets
erin girsu$xxx
cusuen$Šū-Suen ,
lugal kalga$strong king ,
lugal urima$king of Ur ,
lugal an ubda limmuba$king of the four corners
ARADnanna$ARAD-Nanna ,
dumu X$son of Ilī-… ,
sagi ARADzu$cupbearer , is your servant .
pisanduba$Basket-of-tablets
nigkak$accounts
mu 2$NUMB years ,
ceba gu i nigindu$barley rations of the bank of the waterway Nigin-du ,
igal$are here ;
mu enmahgalana$year : “ Enmaḫgalana . ”
pisanduba$Basket-of-tablets
nigkak$xxx
ARAD kaguru$xxx
mu 4kam$xxx
igal$xxx
mu en nanna mace ipata$xxx
mu kimac bahulce$xxx
5 sa gizi$NUMB bundles of good reed
guniginba 5ta$in bales of NUMB bundles each ,
ki lugalmumanagta$from Lugalmu-manag ,
kicib alulu$sealed tablet of Alulu .
iti cekaragala$Month : “ barley brought to the docks , ”
mu en eridu bahun$year : “ priest of Eridu is installed . ”
alulu$Alulu ,
dumu inimcara$son of Inim-Šara ,
kurucda caraka$fattener of Šara .
5 sila kac saga 5 sila ninda 5 gin cum 3 gin i 2 gin naga $NUMB silaNUMB fine beer , NUMB silaNUMB bread , NUMB shekels onions , NUMB shekels oil , NUMB shekels alkali-plant ,
X $for …
5 sila kac saga 5 sila ninda 5 gin cum 3 gin i 2 gin naga $NUMB silaNUMB fine beer , NUMB silaNUMB bread , NUMB shekels onions , NUMB shekels oil , NUMB shekels alkali-plant ,
X $for Utu-… ;
5 sila kac saga 5 sila ninda 5 gin cum 3 gin i 2 gin naga $NUMB silaNUMB fine beer , NUMB silaNUMB bread , NUMB shekels onions , NUMB shekels oil , NUMB shekels alkali-plant ,
luduga $for Lu-duga ;
5 kac 5 sila ninda 5 gin cum 3 gin i 2 gin naga $NUMB silaNUMB beer , NUMB silaNUMB bread , NUMB shekels onions , NUMB shekels oil , NUMB shekels alkali-plant ,
X $for …
5 sila kac 5 sila ninda 5 gin cum 3 gin i 2 gin  $NUMB silaNUMB beer , NUMB silaNUMB bread , NUMB shekels onions , NUMB shekels oil , NUMB shekels alkali-plant ,
X $for Lu-… ;
5 sila kac 5 sila ninda 5 gin cum 3 gin i 2 gin naga $NUMB silaNUMB beer , NUMB silaNUMB bread , NUMB shekels onions , NUMB shekels oil , NUMB shekels alkali-plant ,
s,alia $for Ṣallīya ;
5 sila kac 5 sila ninda 5 gin cum 3 gin i 2 gin naga $NUMB silaNUMB beer , NUMB silaNUMB bread , NUMB shekels onions , NUMB shekels oil , NUMB shekels alkali-plant ,
urbaba $for Ur-Baba ;
3 sila kac 2 sila ninda 5 gin cum 3 gin i 2 gin naga $NUMB silaNUMB beer , NUMB silaNUMB bread , NUMB shekels onions , NUMB shekels oil , NUMB shekels alkali-plant ,
hulania $for Ḫullāniya ;
3 sila kac 2 sila ninda 5 gin cum 3 gin i 2 gin naga $NUMB silaNUMB beer , NUMB silaNUMB bread , NUMB shekels onions , NUMB shekels oil , NUMB shekels alkali-plant ,
hablulu $for Ḫāblulu ;
3 sila kac 2 sila ninda 5 gin cum 3 gin i 2 gin naga $NUMB silaNUMB beer , NUMB silaNUMB bread , NUMB shekels onions , NUMB shekels oil , NUMB shekels alkali-plant ,
suhucgi $for Suḫušgi ;
3 sila kac 2 sila ninda 5 gin cum 3 gin i 2 gin naga $NUMB silaNUMB beer , NUMB silaNUMB bread , NUMB shekels onions , NUMB shekels oil , NUMB shekels alkali-plant ,
cuinanna $for Šū-Inanna ;
3 sila kac 2 sila ninda 5 gin cum 3 gin i 2 gin naga $NUMB silaNUMB beer , NUMB silaNUMB bread , NUMB shekels onions , NUMB shekels oil , NUMB shekels alkali-plant ,
camu $for Šamu ;
cunigin 1 5 sila kac saga cunigin 3 5 sila kac du $total : NUMB ban2 NUMB silaNUMB fine beer ; total : NUMB ban2 NUMB silaNUMB common beer ;
cunigin 4 5 sila ninda cunigin 1 sila cum $total : NUMB ban2 NUMB sila3 bread ; total : NUMB sila3 onions ;
cunigin 12 sila 6 gin i cunigin 13 sila 4 gin naga $total : NUMB sila3 NUMB shekels oil ; total : NUMB sila3 NUMB shekels alkali-plant ;
u 1 1kam $NUMBth day ,
iti lisi $month : “ Lisi , ”
mu simanum bahul X $year : “ Simanum was destroyed . ”
pisanduba$Basket-of-tablets
niginba$grand totals
guapin guba$of plow-oxen , stationed ,
u cabrane$and chief household administrators ,
igal$are here ;
mu$year : “ … . ”
5 masab 2ta$NUMB masab-baskets at NUMB ban each ,
nurma bansi$filled ? with pomegranates
tumalce$to Tummal ,
giri laqipu candana$via Laqipu , the š . ;
ziga$booked out ;
iti nigenlila$month : “ that of Enlil , ”
mu en enki bahun$year : “ the lord of Enki was hired . ”
n n  sila 3 13 gin ce gur X$NUMB gur NUMB sila3 NUMB shekels barley … ,
a lu hunga acaga$wages of the hirelings of the field … ;
n 6 4 gur a lu hunga X$NUMB  NUMB gur NUMB barig wages of the hireliNUMBgs … ,
laia nigkak$deficit of the account
ARADdingira$of ARAD-dingira ;
atu dumu lugalsagake$Atu , son of Lugal-saga
susudam$must replace it ;
mu X$year : “ … . ”
atu dubsar$Atu , scribe ,
dumu lugalsaga$son of Lugal-saga .
4 gu$NUMB oxen ,
3 ab$NUMB cows ,
6 dusunita$NUMB male equids ,
4 dusumunus$NUMB female equids ,
cugi$old ,
ki cuidimta$from Šu-Idim ,
muku$delivery ;
iti ezemninazu$month : “ Festival of Ninazu , ”
mu simurum u lulubu ara 1 la 1kam bahul$year : “ Simurum and Lulubu for the NUMBth time were destroyed . ”
pisanduba$Basket-of-tablets
nigkak$accounts ,
cenumun$seed grain
u GAN urua niginbabi$and fields in plow , their grand totals
igal$are here ;
mu en inanna mace ipa$year : “ The en- of Inanna by the goat was found . ”
1 udu niga barana$NUMB sheep , barley-fed , for the dais of An ,
2 udu niga 3kam us 3 udu niga 4kam us$NUMB sheep , barley-fed , of NUMBrd grade , NUMB sheep , barley-fed , of NUMBth grade
nanna$for Nanna ;
1 macgal niga 4kam us dublamah$NUMB buck , barley-fed , of NUMBth grade for Dublamaḫ ,
uzuabala$… ;
2 udu niga 2 macgal niga gueusa$NUMB sheep , barley-fed , NUMB bucks , barley-fed , “ following oxen , ”
ezemana$“ Festival of An ” ;
2 udu niga 4kam us dur$NUMB sheep , barley-fed , of NUMBth grade , for “ Mound of the Roof ; ”
2 udu niga 3kam us 2 udu niga nkam us$NUMB sheep , barley-fed , of NUMBrd grade , NUMB sheep , barley-fed , of …th grade ,
nungal$for Nungal ;
1 udu niga dublamah$NUMB sheep , barley-fed , for Dublamaḫ ;
1 udu niga gueusa ANdur$NUMB sheep , barley-fed , “ following oxen , ” for ANdur ;
1 udu niga X culgi TUR X$NUMB sheep , barley-fed , … , for Šulgi … ;
n X dandanda$NUMB … , for DaNUMBdaNUMBda ;
n X ningal X$NUMB … , for NiNUMBgal … ;
n gueusa ninuri$NUMB  “ followiNUMBg oxeNUMB , ” for NiNUMBuri ;
n X X$NUMB … Šu-SueNUMB-ki’ag … ;
n X X$NUMB … , for … ;
X$…
X$…
1 udu niga X$NUMB sheep , barley-fed , for …-kalla ;
2 udu niga X ninkununa$NUMB sheep , barley-fed , … for Ninkununa ;
2 udu niga 2kam us gula$NUMB sheep , barley-fed , of NUMBnd grade , for Gula ;
1 udu niga 1 sila ninegal$NUMB sheep , barley-fed , NUMB lamb , for Nin-egal ;
giri suenabucu sagi$via Suen-abušu , cup-bearer ,
u 2 8kam$the NUMBth day ,
ki abaenlilginta bazi$booked out from Aba-Enlilgin ,
ca urima$in Ur ,
giri urculgira carabdu$via Ur-Šulgi , šarabdu ;
iti ubigu$month : “ Ubi feast , ”
mu cusuen lugal urimake naruamah enlil ninlilra munedu$year : “ Šu-Suen , king of Ur , the grand-stele for Enlil  Ninlil erected ; ”
4$NUMB .
1 ud adara$NUMB adara-nanny ,
bauc$slaughtered ,
u 2 8kam$on the NUMBth day ,
ki ludingira$from Ludingira
culgirimu$Šulgi-irimu
cu bati$received ;
iti ezemninazu$month : “ Festival of Ninazu , ”
mu cacru bahul$year : “ Šašru was destroyed . ”
3 3 sig$NUMB bricks
catili$by Šat-ilī ;
3 3$NUMB ,
nam1 lalkuda$10- of Lalkuda ;
2 2 lahutum$NUMB bricks by Lahutum ;
2 2$NUMB bricks ,
nam1 ahuni$10- of Ahuni ;
cunigin 13 sar 9 gin igi 6gal sig$total : NUMB -sar NUMB shekels bricks ,
usbi 1 3 ninda$the length involved : NUMB ninda ,
a 1 1 2ta$at labor of NUMB ,
gemebi 4 5 1 23 gin u 1ce$the female laborers involved : NUMB and NUMB shekels workdays ,
ce 3 silata bahun$at NUMB silaNUMB per  hired ,
cebi 1 4 12 sila 5 gin$the barley involved : NUMB sila3 NUMB shekels ,
a sig gaga$labor of carrying bricks ,
ekibagara picahdingir$the replacement house of Pišah-ilim ,
muku mea$delivery of Simat-Ea ,
giri ickurtillat$via Adad-tillatī ;
iti ezemekigal$month : “ Festival of Mekigal , ”
mu cusuen lugale naruamah enlil ninlilra munedu$year : “ Su-Suen , the king , Great-stele for Enlil and Ninlil erected . ”
nindara$For Nindara ,
lugal uru$the powerful king ,
X X$…
lugalani$his master ,
namti$for the life
culgi$of Šulgi ,
nita kalga$the mighty man ,
lugal urima$king of Ur
lugal kiengi kiurikace$and king of Sumer and Akkad ,
culgikiursakalamaka$Šulgi-ki'ursa-kalama
lu tagani$his person in charge of sacrifices ,
alanani$a statue of him
mudu$he created .
alana$The statue
culgi$Šulgi ,
a cuma$Given Strength
nindara$by Nindara ,
zicagal irina$The Inspiration of His City ,
mubi$is its name .
X X X$…
X za X X X$…
KA bura$the opening of the bowl ,
ki anaka aba cu tum$dealing with the cows in the Place of An .
u ezemaka$On the day of the festival
e ninmarka$in the temple of Ninmar ,
sag kisala daba$when the first  are taken into the courtyard
5 dug dida$NUMB jugs of sweet-wort ,
7 dug kac$NUMB jugs of beer ,
1 1 zi lugal$NUMB barig and NUMB ban2 of royal flour ,
1 gada gadul$NUMB linen cover
1 gada gadul$NUMB . NUMB for the throne , NUMB . {gesz}dar-du3 {gesz}erin u3 gab2-ra {gesz}erin
1 gada gadul$cedar sprouts and cedar 'herders' ,
7 mana ara 2am$NUMB times NUMB minas of them ,
1 la 1 ku aldara$NUMB split fish ,
1 mun gur lugal$NUMB royal gur of salt ,
1 mun gur lugal$NUMB . NUMB naga gur : NUMB gur of soda , NUMB . dug sila3 |IGIxX|
1 mun gur lugal$quart jugs of … ,
1 mun gur lugal$NUMB . NUMB silver … , NUMB . …
1 mun gur lugal$…
1 mun gur lugal$NUMB . ku6 ab-ba ? : fish of the sea , NUMB . har ku3-x
1 mun gur lugal$silver rings ,
1 mun gur lugal$NUMB . NUMB# ? dug i3-x x : NUMB jug of … oil , NUMB . nig2-ba gaszam-kam
1 mun gur lugal$were the gifts of the artisans .
girsu ce ilaka$In Girsu , in the <month> of barley transporting ,
ma cu dua$a properly equipped boat
guabata dudam$which is to be caulked  from Gu'abba ,
namlubeluda$the office of the 'master of ceremonies'
eta izi la$the one who bears fire from the temple
gacamkam$belong to the artians .
bala u 1$A term of ten days
u igi 3gal$and a one-third
e kiesaga$in the temple of Ki-es ,
e girsuka igi 3gal$one-third in the temple of Girsu ,
ma ec ge zal$that when the boat spends the night at the shrine
u ma kare tagdabi$and when the boat lands at the quay ;
nigba 56bi$an allotment of NUMB of that
nigba 56bi$NUMB . ma2 nigin9-bar-sze3 de6-a-bi : for when the boat is taken to the outer district , NUMB . nig2-dab5-bi lu2 nu-da-tuku
nigba 56bi$these requisitions were owed to no person .
ur gu udu egal esag$Legs of beef and mutton of the palace and the grain-stores
u bara ningirsuka$and the dais of Ningirsu ,
namcita$the office of the šita-priest ,
namcita$NUMB . kislah szuku a-gub2-bi : with its uncultivated land , subsistance plots , holy water , NUMB . e2-sag udu e2-gal
namcita$the grain-store of the palace sheep ,
ur udu ama siki$legs of wool-bearing mother sheep ,
5 sila inun$NUMB quarts of ghee ,
1 zulum lugal$NUMB barig of royal dates ,
n 1 gar$NUMB plus NUMB baNUMB2 of cheese
1 ga$NUMB ban2 of milk ,
1 sila gectin$NUMB quarts of wine ,
n pec cergu$NUMB striNUMBgs of figs ,
4 hachur cergu$NUMB strings of apples ,
4 hachur cergu$NUMB . ninda kaskal gu2-ab-ba{ki}-sze3 : food for the jourey to Gu'abba , NUMB . nig2-dab5 gaszam-kam
4 hachur cergu$are the requisitions of the artisans .
aca ambar tur$The field Little Marsh ,
aca kimura$the field Kimura ,
aca gecgi tur$the field Little Canebrake ,
aca agectina$Vinegar Field ,
aca X$the field … ,
girigena gacamkam$of the artisans .
girigena gacamkam$NUMB . udu e2 lah5 : The sheep come from the temple , NUMB . masz2 inim-ma
girigena gacamkam$and the goats of the word ,
nigdab gacamkam$are the requisitions of the artisans .
u uliace$Forever ,
lu gec udun inacumda$for the one who will put wood into the oven for him ,
luba lammani heme$may I be that man's guardian angel .
mumu hepade$May he invoke my name
enmu hetare$and tend to me .
1 amar az$NUMB bear cub
ursuen dumulugal$Ur-Suen , the king’s son
muku$delivery ;
iti ezemana$month : “ Festival of An , ”
mu simurum u lulubu ara 1 la 1kamac bahul$year : “ Simurrum and Lullubu for the NUMBth time was destroyed , ”
u 2 3kam$NUMBrd day .
pisanduba$Basket-of-tablets
mu 2 ceba$NUMB years of rations ,
girisega ugnim$personnel of Ugnim
igal$are here ;
mu kimac$year : “ Kimaš . ”
pisanduba$Basket-of-tablets
nigkak urgigir cabra$xxx
mu 2kam$xxx
igal$xxx
mu enunugal$xxx
u mu cacru$xxx
culgi$Šulgi ,
danum$the mighty ,
X uri$king of Ur
u X$and king
kibratim$of the world quarters
arbaim$the four ,
X$builder
emeslam$of the Emeslam ,
X nerigal$the temple of Nergal
belicu$his lord
in gudua$in Kutha .
3 udu$NUMB sheep ,
1 macgal$NUMB buck ,
1 ud$NUMB nanny goat ,
bauc u 7kam$slaughtered , the NUMBth day ,
ki naluta$from Nalu
urnigar$Ur-nigar
cu bati$received ;
iti macdagu$month : “ Gazelle feast , ”
mu usa kimac u hurti bahul$year after : “ Kimaš and Ḫurti were destroyed . ”
inanna$For Inanna ,
nin me$the queen of battle ,
dam kiaganir$his beloved spouse ,
amarsuen$Amar-Suena ,
enlile$whom Enlil
nibrua$in Nippur
mu pada$chose by name ,
sagus$the constant supporter
e enlilka$of the temple of Enlil ,
lugal kalga$the mighty king ,
lugal urima$king of Ur
lugal an ubda limmubake$and king of the four world quarters ,
argibilu zabar$her bronze argibil-structure
e geparakani$of the Gipar temple
munandim$he fashioned for her ,
namtilanice$and for his life
a munaru$he dedicated it to her .
pisanduba$Basket-of-tablets
girisega$xxx
sipa gu 1ce$xxx
hala$xxx
ca hurim$xxx
pisanduba$Basket-of-tablets
kicib lu nigdab ensikane$xxx
nudub$xxx
ingal$xxx
pisanduba$Basket-of-tablets
nigkak ce cukura$accounts ,  barley of distribution ,
engar dumugugur$plowmen , young oxen turners , of
abamu u urlamma$Abbamu an Ur-Lamma ,
igal$are here ;
mu en inanna mace ipa$year : “ The en- of Inanna by goat was found . ”
urnamma$Ur-Namma ,
lugal urima$king of Ur ,
lu e ninsun$the person who the temple of Ninsun
indua$built .
pisanduba$Basket-of-tablets
udu emegi aba$xxx
ca girsu$xxx
u udu udua gara$xxx
igal$xxx
mu en inanna unu mace ipa$xxx
